-- phpMyAdmin SQL Dump
-- version 5.0.4
-- https://www.phpmyadmin.net/
--
-- Host: 127.0.0.1
-- Generation Time: Dec 02, 2020 at 02:54 PM
-- Server version: 10.4.16-MariaDB
-- PHP Version: 7.4.12

SET SQL_MODE = "NO_AUTO_VALUE_ON_ZERO";
START TRANSACTION;
SET time_zone = "+00:00";


/*!40101 SET @OLD_CHARACTER_SET_CLIENT=@@CHARACTER_SET_CLIENT */;
/*!40101 SET @OLD_CHARACTER_SET_RESULTS=@@CHARACTER_SET_RESULTS */;
/*!40101 SET @OLD_COLLATION_CONNECTION=@@COLLATION_CONNECTION */;
/*!40101 SET NAMES utf8mb4 */;

--
-- Database: `shop`
--

-- --------------------------------------------------------

--
-- Table structure for table `activation_codes`
--

CREATE TABLE `activation_codes` (
  `id` bigint(20) UNSIGNED NOT NULL,
  `user_id` bigint(20) UNSIGNED NOT NULL,
  `code` varchar(191) COLLATE utf8mb4_unicode_ci NOT NULL,
  `used` tinyint(1) NOT NULL DEFAULT 0,
  `expire` timestamp NOT NULL DEFAULT current_timestamp() ON UPDATE current_timestamp(),
  `created_at` timestamp NULL DEFAULT NULL,
  `updated_at` timestamp NULL DEFAULT NULL,
  `deleted_at` timestamp NULL DEFAULT NULL
) ENGINE=InnoDB DEFAULT CHARSET=utf8mb4 COLLATE=utf8mb4_unicode_ci;

--
-- Dumping data for table `activation_codes`
--

INSERT INTO `activation_codes` (`id`, `user_id`, `code`, `used`, `expire`, `created_at`, `updated_at`, `deleted_at`) VALUES
(68, 39, '17748', 0, '2020-11-15 06:40:31', '2020-11-15 08:25:31', '2020-11-15 08:25:31', NULL),
(69, 39, '53089', 1, '2020-11-15 11:56:53', '2020-11-15 08:26:39', '2020-11-15 08:26:53', NULL),
(70, 40, 'val1EHxfZw6235xLgEWrKjcSWdI6oqdaz55Ct3EQ1WVXNKOEFWhHNe2BDnwC', 0, '2020-11-28 22:05:19', '2020-11-28 21:50:19', '2020-11-28 21:50:19', NULL);

-- --------------------------------------------------------

--
-- Table structure for table `cities`
--

CREATE TABLE `cities` (
  `id` int(10) UNSIGNED NOT NULL,
  `province_id` int(10) UNSIGNED NOT NULL,
  `county_id` int(10) UNSIGNED NOT NULL,
  `name` varchar(64) COLLATE utf8mb4_unicode_ci NOT NULL,
  `en_name` varchar(64) COLLATE utf8mb4_unicode_ci DEFAULT NULL,
  `latitude` decimal(10,8) DEFAULT NULL,
  `longitude` decimal(11,8) DEFAULT NULL,
  `approved` tinyint(1) NOT NULL DEFAULT 1
) ENGINE=InnoDB DEFAULT CHARSET=utf8mb4 COLLATE=utf8mb4_unicode_ci;

--
-- Dumping data for table `cities`
--

INSERT INTO `cities` (`id`, `province_id`, `county_id`, `name`, `en_name`, `latitude`, `longitude`, `approved`) VALUES
(1, 1, 1, 'آذرشهر', 'Azarshahr', '37.75601290', '45.95409340', 1),
(2, 1, 1, 'تیمورلو', 'Teymourlou', '37.81040850', '45.88154540', 1),
(3, 1, 1, 'گوگان', 'Gogan', '37.78153460', '45.89832550', 1),
(4, 1, 1, 'ممقان', 'Mamaqan', '37.85616440', '45.92748410', 1),
(5, 1, 2, 'اسکو', 'Osku', '37.90414240', '46.10855880', 1),
(6, 1, 2, 'ایلخچی', 'Ilkhichi', '37.93748590', '45.94332160', 1),
(7, 1, 2, 'سهند', 'Sahand', '37.94212840', '46.11317040', 1),
(8, 1, 3, 'اهر', 'Ahar', '38.48012310', '47.03671870', 1),
(9, 1, 3, 'هوراند', 'Hurand', '38.85916700', '47.36861100', 1),
(10, 1, 4, 'بستان آباد', 'Bostan Abad', '37.83949300', '46.80963270', 1),
(11, 1, 4, 'تیکمه داش', 'Tekmeh Dash', '37.73535540', '46.93088980', 1),
(12, 1, 5, 'بناب', 'Bonab', '37.34366720', '46.02642720', 1),
(13, 1, 6, 'باسمنج', 'Basmenj', '38.00133160', '46.44624690', 1),
(14, 1, 6, 'تبریز', 'Tabriz', '38.08055550', '46.15364130', 1),
(15, 1, 6, 'خسروشاه', 'Khosrowshah', '37.96330460', '46.01503310', 1),
(16, 1, 6, 'سردرود', 'Sardroud', '38.03123850', '46.12973630', 1),
(17, 1, 7, 'جلفا', 'Jolfa', '38.81616850', '45.63339480', 1),
(18, 1, 7, 'سیه رود', 'Siahrood', '38.86877450', '45.99665520', 1),
(19, 1, 7, 'هادیشهر', 'Hadishahr', '38.82833100', '45.62179980', 1),
(20, 1, 8, 'قره آغاج', 'Qareh Aghaj', '37.12856190', '46.96478250', 1),
(21, 1, 9, 'خمارلو', 'Khomarlu', '39.15455660', '47.02483170', 1),
(22, 1, 10, 'دوزدوزان', 'Duzduzan', '37.94875740', '47.11409570', 1),
(23, 1, 10, 'سراب', 'Sarab', '37.93997700', '47.51543730', 1),
(24, 1, 10, 'شربیان', 'Sharabian', '37.88192420', '47.09549190', 1),
(25, 1, 10, 'مهربان', 'Mehraban', '38.08148170', '47.12825770', 1),
(26, 1, 11, 'تسوج', 'Tasuj', '38.31615040', '45.33654190', 1),
(27, 1, 11, 'خامنه', 'Khamaneh', '38.18523560', '45.61308840', 1),
(28, 1, 11, 'سیس', 'Sis', '38.19685870', '45.81075660', 1),
(29, 1, 11, 'شبستر', 'Shabestar', '38.18273990', '45.68192460', 1),
(30, 1, 11, 'شرفخانه', 'Sharafkhaneh', '38.17865710', '45.46786290', 1),
(31, 1, 11, 'شندآباد', 'Shendabad', '38.14561010', '45.61905390', 1),
(32, 1, 11, 'صوفیان', 'Soufian', '38.27831360', '45.97709660', 1),
(33, 1, 11, 'کوزه کنان', 'Koozehkonan', '38.19320240', '45.54328630', 1),
(34, 1, 11, 'وایقان', 'Vaighan', '38.12844590', '45.70490600', 1),
(35, 1, 12, 'جوان قلعه', 'Javan Qala', '37.49714170', '45.97186080', 1),
(36, 1, 12, 'عجب شیر', 'Ajabshir', '37.48258470', '45.87358460', 1),
(37, 1, 13, 'آبش احمد', 'Abeshahmad', '39.04976740', '47.30755790', 1),
(38, 1, 13, 'کلیبر', 'Kaleybar', '38.86672580', '47.02453120', 1),
(39, 1, 14, 'خداجو', 'Kharajoo', '37.30978140', '46.52171360', 1),
(40, 1, 14, 'مراغه', 'Maragheh', '37.38088190', '46.19068570', 1),
(41, 1, 15, 'بناب مرند', 'Benab e Marand', '38.42810110', '45.90225220', 1),
(42, 1, 15, 'زنوز', 'Zonouz', '38.58949510', '45.82614190', 1),
(43, 1, 15, 'کشکسرای', 'Koshksaray', '38.45962010', '45.55695530', 1),
(44, 1, 15, 'مرند', 'Marand', '38.42387830', '45.73307930', 1),
(45, 1, 15, 'یامچی', 'Yamchi', '38.52447740', '45.63416480', 1),
(46, 1, 16, 'لیلان', 'Leilan', '37.01165090', '46.19523520', 1),
(47, 1, 16, 'مبارک شهر', 'Mobarak Abad', '37.18030400', '46.05071780', 1),
(48, 1, 16, 'ملکان', 'Malekan', '37.14644750', '46.08625150', 1),
(49, 1, 17, 'آقکند', 'Aqkend', '37.25776990', '48.06143040', 1),
(50, 1, 17, 'اچاچی', 'Achachi', '37.39543380', '47.79039870', 1),
(51, 1, 17, 'ترک', 'Tark', '37.61736710', '47.76673070', 1),
(52, 1, 17, 'ترکمانچای', 'Turkman Chay', '37.58178980', '47.37021430', 1),
(53, 1, 17, 'میانه', 'Mianeh', '37.42728620', '47.69117780', 1),
(54, 1, 18, 'خاروانا', 'Kharvana', '38.68560950', '46.15987300', 1),
(55, 1, 18, 'ورزقان', 'Varzeqān', '38.58136590', '46.17000800', 1),
(56, 1, 19, 'بخشایش', 'Bakhshāyesh', '38.13113810', '46.93808910', 1),
(57, 1, 19, 'خواجه', 'Khaje', '38.15275670', '46.58237460', 1),
(58, 1, 19, 'زرنق', 'Zarnaq', '38.09240870', '47.07680230', 1),
(59, 1, 19, 'کلوانق', 'Kelvanaq', '38.10249790', '46.98483460', 1),
(60, 1, 19, 'هریس', 'Heris', '38.24952090', '47.10787290', 1),
(61, 1, 20, 'نظر کهریزی', 'Nazarkahrizi', '37.34737060', '46.75960420', 1),
(62, 1, 20, 'هشترود', 'Hashtrood', '37.47750290', '47.03698730', 1),
(63, 2, 21, 'ارومیه', 'Urmia', '37.55201030', '44.98662980', 1),
(64, 2, 21, 'سرو', 'Serow', '37.72750000', '44.64277800', 1),
(65, 2, 21, 'سیلوانه', 'Silvana', '37.42226160', '44.84996790', 1),
(66, 2, 21, 'قوشچی', 'Qushchi', '37.98963410', '45.02705810', 1),
(67, 2, 21, 'نوشین', 'Noshin', '37.73209770', '45.03828030', 1),
(68, 2, 22, 'اشنویه', 'Oshnavieh', '37.03578700', '45.08183940', 1),
(69, 2, 22, 'نالوس', 'Nalous', '36.98381150', '45.13960360', 1),
(70, 2, 23, 'بوکان', 'Bukan', '36.52160280', '46.13030180', 1),
(71, 2, 23, 'سیمینه', 'Simmineh', '36.72972200', '46.15111100', 1),
(72, 2, 24, 'پلدشت', 'Poldasht', '39.34841750', '45.04958850', 1),
(73, 2, 24, 'نازک علیا', 'Nazok-e Olya', '39.01023010', '45.05091900', 1),
(74, 2, 25, 'پیرانشهر', 'Piranshahr', '36.69644210', '45.11104280', 1),
(75, 2, 25, 'گردکشانه', 'Gerd Kashaneh', '36.81136290', '45.24764300', 1),
(76, 2, 26, 'تکاب', 'Takab', '36.40080960', '47.07879720', 1),
(77, 2, 27, 'آواجیق', 'Avajiq', '39.31388900', '44.16472200', 1),
(78, 2, 27, 'سیه چشمه', 'Siah Cheshmeh', '39.06467800', '44.36944470', 1),
(79, 2, 28, 'قره ضیاءالدین', 'Qarahziyaeddin', '38.89017830', '45.00811080', 1),
(80, 2, 29, 'ایواوغلی', 'Evogli', '38.71139920', '45.19790410', 1),
(81, 2, 29, 'خوی', 'Khoy', '38.54849230', '44.91661490', 1),
(82, 2, 29, 'دیزج دیز', 'Dizaj Diz', '38.46128210', '45.00725250', 1),
(83, 2, 29, 'زرآباد', 'Zurabad', '38.80220050', '44.57706910', 1),
(84, 2, 29, 'فیرورق', 'Firuraq', '38.58061010', '44.84035480', 1),
(85, 2, 29, 'قطور', 'Qotur', '38.46538040', '44.38811290', 1),
(86, 2, 30, 'ربط', 'Rabat', '36.20833300', '45.55000000', 1),
(87, 2, 30, 'سردشت', 'Sardasht', '36.16079500', '45.45807820', 1),
(88, 2, 30, 'میرآباد', 'Mirabad', '36.40591310', '45.36209820', 1),
(89, 2, 31, 'تازه شهر', 'Taze Shar', '38.17668750', '44.68377820', 1),
(90, 2, 31, 'سلماس', 'Salmas', '38.20158900', '44.73173560', 1),
(91, 2, 32, 'شاهین دژ', 'Shahin Dej', '36.67755380', '46.55053120', 1),
(92, 2, 32, 'کشاورز', 'Keshavarz', '36.83486050', '46.35009520', 1),
(93, 2, 32, 'محمودآباد', 'Mahmoodabad', '36.71413790', '46.49164870', 1),
(94, 2, 33, 'شوط', 'Showt', '39.22094680', '44.74915970', 1),
(95, 2, 33, 'مرگنلر', 'Marganlar', '39.14313890', '44.92987620', 1),
(96, 2, 34, 'بازرگان', 'Bazargan', '39.39093260', '44.37321590', 1),
(97, 2, 34, 'ماکو', 'Maku', '39.28785460', '44.46433000', 1),
(98, 2, 35, 'خلیفان', 'Khalifan', '36.50681600', '45.79090840', 1),
(99, 2, 35, 'مهاباد', 'Mahabad', '36.76604130', '45.69484370', 1),
(100, 2, 36, 'باروق', 'Baruq', '36.95302880', '46.31413220', 1),
(101, 2, 36, 'چهاربرج', 'Charburj', '37.12187920', '45.95898600', 1),
(102, 2, 36, 'میاندوآب', 'Miandoab', '36.96620470', '46.07108060', 1),
(103, 2, 37, 'محمدیار', 'Mohammadyar', '36.98351100', '45.51034930', 1),
(104, 2, 37, 'نقده', 'Naqadeh', '36.95763840', '45.37065980', 1),
(105, 3, 38, 'اردبیل', 'Ardabil', '38.26683090', '48.27099330', 1),
(106, 3, 38, 'هیر', 'Hir', '38.07953040', '48.48940360', 1),
(107, 3, 39, 'بیله سوار', 'Bileh Savar', '39.38055020', '48.32574100', 1),
(108, 3, 39, 'جعفرآباد', 'Jafarabad', '39.42213160', '48.07888930', 1),
(109, 3, 40, 'اسلام اباد', 'Eslāmābād', '38.13110480', '47.93918600', 1),
(110, 3, 40, 'اصلاندوز', 'Aslan Duz', '39.44298680', '47.40042690', 1),
(111, 3, 40, 'پارس آباد', 'Parsabad', '39.62802190', '47.86657270', 1),
(112, 3, 40, 'تازه کند', 'Tazakand', '39.10450420', '44.89902010', 1),
(113, 3, 41, 'خلخال', 'Khalkhal', '37.62210100', '48.50142000', 1),
(114, 3, 41, 'کلور', 'Kolor', '37.38848590', '48.71668330', 1),
(115, 3, 41, 'هشتجین', 'Hashjin', '37.36980870', '48.31333280', 1),
(116, 3, 42, 'سرعین', 'Sarein', '38.14643470', '48.05716020', 1),
(117, 3, 43, 'گیوی', 'Kivi', '37.69312310', '48.32075700', 1),
(118, 3, 44, 'تازه کند اونگوت', 'Tazakand', '39.04374380', '47.73446910', 1),
(119, 3, 44, 'گرمی', 'Germi', '38.99880110', '47.63427990', 1),
(120, 3, 45, 'رضی', 'Razi', '38.62486600', '48.08286670', 1),
(121, 3, 45, 'فخرآباد', 'Fakhrabad', '38.52260140', '47.85339830', 1),
(122, 3, 45, 'قصابه', 'Qasabeh', '38.38781300', '47.53829230', 1),
(123, 3, 45, 'لاهرود', 'Lahroud', '38.50801930', '47.82212370', 1),
(124, 3, 45, 'مرادلو', 'Moradlu', '38.74800000', '47.74016620', 1),
(125, 3, 45, 'مشگین شهر', 'Meshgin Shahr', '38.38632870', '47.63834890', 1),
(126, 3, 46, 'آبی بیگلو', 'Abibeiglou', '38.28362000', '48.54482890', 1),
(127, 3, 46, 'عنبران', 'Anbaran', '38.48843440', '48.41767760', 1),
(128, 3, 46, 'نمین', 'Namin', '38.42350150', '48.46283910', 1),
(129, 3, 47, 'کوراییم', 'Kuraim', '37.95500000', '48.23555600', 1),
(130, 3, 47, 'نیر', 'Nir', '38.03338760', '47.99772250', 1),
(131, 4, 48, 'آران وبیدگل', 'Aran va Bidgol', '34.05926830', '51.46047580', 1),
(132, 4, 48, 'ابوزیدآباد', 'Abouzeidabad', '33.90165760', '51.74337370', 1),
(133, 4, 48, 'سفیدشهر', 'Sefid Shahr', '34.12406120', '51.34705070', 1),
(134, 4, 48, 'نوش آباد', 'Nushabad', '34.07957060', '51.42786020', 1),
(135, 4, 49, 'اردستان', 'Ardestan', '33.38064560', '52.34307230', 1),
(136, 4, 49, 'زواره', 'Zavareh', '33.44411680', '52.46542430', 1),
(137, 4, 49, 'مهاباد', 'Mahabad', '33.52890960', '52.21336130', 1),
(138, 4, 50, 'اژیه', 'Ezhieh', '32.44236700', '52.37182610', 1),
(139, 4, 50, 'اصفهان', 'Isfahan', '32.66221110', '51.54694060', 1),
(140, 4, 50, 'بهارستان', 'Baharestan', '32.48391000', '51.73393190', 1),
(141, 4, 50, 'تودشک', 'Toodeshk', '32.72089190', '52.65622610', 1),
(142, 4, 50, 'حسن اباد', 'Hassan Abad', '32.13927970', '52.62129300', 1),
(143, 4, 50, 'زیار', 'Ziar', '32.51124460', '51.92680470', 1),
(144, 4, 50, 'سجزی', 'Sejzi', '32.69866640', '52.06674040', 1),
(145, 4, 50, 'قهجاورستان', 'Qahjavarestan', '32.70272036', '51.82802440', 1),
(146, 4, 50, 'کوهپایه', 'Kuhpayeh', '32.70287470', '52.42220820', 1),
(147, 4, 50, 'محمدآباد', 'Mohammad Abad', '32.31742670', '52.09172950', 1),
(148, 4, 50, 'نصرآباد', 'Nasr Abad', '32.28016610', '52.05294370', 1),
(149, 4, 50, 'نیک آباد', 'Nik Abad', '32.30380070', '52.18973630', 1),
(150, 4, 50, 'ورزنه', 'Varzaneh', '32.41767450', '52.63817870', 1),
(151, 4, 50, 'هرند', 'Harand', '32.57486500', '52.39937730', 1),
(152, 4, 51, 'حبیب آباد', 'Habibabad', '32.83124240', '51.76599030', 1),
(153, 4, 51, 'خورزوق', 'Khorzugh', '32.78003800', '51.62544240', 1),
(154, 4, 51, 'دستگرد', 'Dastgerd', '32.80222710', '51.65711400', 1),
(155, 4, 51, 'دولت آباد', 'Dolatabad', '32.80826470', '51.67975170', 1),
(156, 4, 51, 'سین', 'Sin', '32.85028040', '51.64761890', 1),
(157, 4, 51, 'شاپورآباد', 'Shapur Abad', '32.84337640', '51.73918970', 1),
(158, 4, 51, 'کمشچه', 'Komshecheh', '32.90664920', '51.80178170', 1),
(159, 4, 52, 'افوس', 'Afus', '33.02495550', '50.08812900', 1),
(160, 4, 52, 'بویین و میاندشت', 'Buin va Miandasht', '33.07449490', '50.13231020', 1),
(161, 4, 53, 'تیران', 'Tiran', '32.70383760', '51.13618590', 1),
(162, 4, 53, 'رضوانشهر', 'Rezvanshahr', '32.66581050', '51.02359710', 1),
(163, 4, 53, 'عسگران', 'Askaran', '32.86623280', '50.84719420', 1),
(164, 4, 54, 'چادگان', 'Chadegan', '32.78079730', '50.54719210', 1),
(165, 4, 54, 'رزوه', 'Rezveh', '32.83687710', '50.56521890', 1),
(166, 4, 55, 'اصغرآباد', 'Asghar Abad', '32.65260910', '51.47119400', 1),
(167, 4, 55, 'خمینی شهر', 'Khomeyni Shahr', '32.68329340', '51.48639620', 1),
(168, 4, 55, 'درچه', 'Dorcheh', '32.61500960', '51.53461450', 1),
(169, 4, 55, 'کوشک', 'Kooshk', '32.63866920', '51.49090280', 1),
(170, 4, 56, 'خوانسار', 'Khansar', '33.26748190', '50.24871590', 1),
(171, 4, 57, 'جندق', 'Jandaq', '34.04261310', '54.40511230', 1),
(172, 4, 57, 'خور', 'Khur', '33.77630920', '55.07478460', 1),
(173, 4, 57, 'فرخی', 'Farrokhi', '33.84195750', '54.94378560', 1),
(174, 4, 58, 'دهاقان', 'Dehaghan', '31.93724900', '51.64522640', 1),
(175, 4, 58, 'گلشن', 'Golshan', '31.92651440', '51.72279540', 1),
(176, 4, 59, 'حنا', 'Hanna', '31.19744850', '51.71396600', 1),
(177, 4, 59, 'سمیرم', 'Semirom', '31.39792330', '51.54441770', 1),
(178, 4, 59, 'کمه', 'Komeh', '31.06320870', '51.58456560', 1),
(179, 4, 59, 'ونک', 'Vanak', '31.52755750', '51.32147620', 1),
(180, 4, 60, 'شاهین شهر', 'Shahin Shahr', '32.87811320', '51.48302510', 1),
(181, 4, 60, 'گرگاب', 'Gorgab', '32.86625040', '51.58879270', 1),
(182, 4, 60, 'گزبرخوار', 'Gazborkhar', '32.80222200', '51.62111100', 1),
(183, 4, 60, 'لای بید', 'Laybid', '33.45682060', '50.68666930', 1),
(184, 4, 60, 'میمه', 'Meymeh', '33.44504910', '51.16345880', 1),
(185, 4, 60, 'وزوان', 'Vazvan', '33.41799110', '51.17397300', 1),
(186, 4, 61, 'شهرضا', 'Shahreza', '31.99968770', '51.82877480', 1),
(187, 4, 61, 'منظریه', 'Manzariyeh', '31.94638130', '51.87130450', 1),
(188, 4, 62, 'داران', 'Daran', '32.98695730', '50.39163790', 1),
(189, 4, 62, 'دامنه', 'Damaneh', '33.01758740', '50.47904490', 1),
(190, 4, 63, 'برف انبار', 'Barf Anbar', '32.99523650', '50.17576210', 1),
(191, 4, 63, 'فریدونشهر', 'Fereydun Shahr', '32.93718600', '50.12029390', 1),
(192, 4, 64, 'ابریشم', 'Abrisham', '32.57323040', '51.55437450', 1),
(193, 4, 64, 'ایمانشهر', 'Imanshahr', '32.48392420', '51.43493040', 1),
(194, 4, 64, 'بهاران شهر', 'Baharan Shahr', '32.65097430', '51.72070930', 1),
(195, 4, 64, 'پیربکران', 'Pir Bakran', '32.46747760', '51.53905380', 1),
(196, 4, 64, 'زازران', 'Zazeran', '32.59599600', '51.48399340', 1),
(197, 4, 64, 'فلاورجان', 'Falavarjan', '32.55578140', '51.48961530', 1),
(198, 4, 64, 'قهدریجان', 'Ghahderijan', '32.56889540', '51.40953480', 1),
(199, 4, 64, 'کلیشاد و سودرجان', 'Kelishad and Soderjaan', '32.55185850', '51.52158730', 1),
(200, 4, 65, 'برزک', 'Barzok', '33.77699410', '51.19740420', 1),
(201, 4, 65, 'جوشقان قالی', 'Josheqaneqali', '33.55601380', '51.13534680', 1),
(202, 4, 65, 'قمصر', 'Ghamsar', '33.74066420', '51.41000730', 1),
(203, 4, 65, 'کاشان', 'Kashan', '33.98154900', '51.34271390', 1),
(204, 4, 65, 'جوشقان وكامو', 'Jowsheqan va Kamu', '33.60000000', '51.23333300', 1),
(205, 4, 65, 'مشکات', 'Mashkat', '34.18385200', '51.25709940', 1),
(206, 4, 65, 'نیاسر', 'Niasar', '33.97745700', '51.14122850', 1),
(207, 4, 66, 'گلپایگان', 'Golpayegan', '33.45724970', '50.23390160', 1),
(208, 4, 66, 'گلشهر', 'Golshahr', '33.50595700', '50.45278070', 1),
(209, 4, 66, 'گوگد', 'Googad', '33.47637670', '50.34423700', 1),
(210, 4, 67, 'باغ بهادران', 'Baghbahadoran', '32.37872850', '51.18191240', 1),
(211, 4, 67, 'باغشاد', 'Baghshad', '32.38226100', '51.22944130', 1),
(212, 4, 67, 'چرمهین', 'Chermahin', '32.32433430', '51.14324500', 1),
(213, 4, 67, 'چمگردان', 'Chamgordan', '32.39291670', '51.33082860', 1),
(214, 4, 67, 'زاینده رود', 'Zayandehrod', '32.38257720', '51.25747000', 1),
(215, 4, 67, 'زرین شهر', 'Zarinshahr', '32.41176360', '51.36318620', 1),
(216, 4, 67, 'سده لنجان', 'Sedeh Lenjan', '32.37447790', '51.30912400', 1),
(217, 4, 67, 'فولادشهر', 'Fooladshahr', '32.52549510', '51.29630090', 1),
(218, 4, 67, 'ورنامخواست', 'Varnamkhast', '32.35522120', '51.37205960', 1),
(219, 4, 68, 'دیزیچه', 'Diziche', '32.40433490', '51.48476550', 1),
(220, 4, 68, 'زیباشهر', 'Zibashahr', '32.38680810', '51.54482590', 1),
(221, 4, 68, 'طالخونچه', 'Talkhooncheh', '32.24999310', '51.51884030', 1),
(222, 4, 68, 'کرکوند', 'Karkevand', '32.34227880', '51.43751610', 1),
(223, 4, 68, 'مبارکه', 'Mobarakeh', '32.34952150', '51.47882160', 1),
(224, 4, 68, 'مجلسی', 'Majlesi', '32.19536780', '51.48369300', 1),
(225, 4, 69, 'انارک', 'Anarak', '33.30702060', '53.68767500', 1),
(226, 4, 69, 'بافران', 'Bafrān', '32.83938320', '53.13662050', 1),
(227, 4, 69, 'نایین', 'Naein', '32.86148940', '53.07443600', 1),
(228, 4, 70, 'جوزدان', 'Jowzdan', '32.55601720', '51.35696400', 1),
(229, 4, 70, 'دهق', 'Dehagh', '33.10728330', '50.93896840', 1),
(230, 4, 70, 'علویجه', 'Alavijeh', '33.05169010', '51.05992540', 1),
(231, 4, 70, 'کهریزسنگ', 'Kahrizsang', '32.63252520', '51.46807190', 1),
(232, 4, 70, 'گلدشت', 'Goldasht', '32.62173270', '51.42737730', 1),
(233, 4, 70, 'نجف آباد', 'Najafabad', '32.64416590', '51.31490650', 1),
(234, 4, 71, 'بادرود', 'Badroud', '33.68939670', '51.99780820', 1),
(235, 4, 71, 'خالدآباد', 'Khaled Abad', '33.70071610', '51.98288430', 1),
(236, 4, 71, 'طرق رود', 'Tarq Rud', '33.34682690', '51.79114390', 1),
(237, 4, 71, 'نطنز', 'Natanz', '33.50926440', '51.89392080', 1),
(238, 5, 73, 'اشتهارد', 'Eshtehard', '35.72122790', '50.34824950', 1),
(239, 5, 73, 'چهارباغ', 'Charbagh', '35.84060280', '50.83944800', 1),
(240, 5, 73, 'شهرجدیدهشتگرد', 'Hashtgerd New City', '35.98327270', '50.68520960', 1),
(241, 5, 73, 'کوهسار', 'Koohsar', '35.96242640', '50.77578280', 1),
(242, 5, 73, 'گلسار', 'Golsar', '35.90777800', '50.78250000', 1),
(243, 5, 73, 'هشتگرد', 'Hashtgerd', '35.96194400', '50.68000000', 1),
(244, 5, 74, 'طالقان', 'Taleqan', '36.21424690', '50.50651640', 1),
(245, 5, 75, 'فردیس', 'Fardis', '35.72472200', '50.98833300', 1),
(246, 5, 75, 'مشکین دشت', 'Fardis', '35.72472200', '50.98833300', 1),
(247, 5, 76, 'آسارا', 'Asara', '36.03913120', '51.19087090', 1),
(248, 5, 76, 'کرج', 'Karaj', '35.81096890', '50.87729700', 1),
(249, 5, 76, 'کمال شهر', 'Kamalshahr', '35.88239360', '50.84343850', 1),
(250, 5, 76, 'گرمدره', 'Garmdareh', '35.75371760', '51.04707220', 1),
(251, 5, 76, 'ماهدشت', 'Mahdasht', '35.72040800', '50.76636250', 1),
(252, 5, 76, 'محمدشهر', 'Mohammad Shahr', '35.74468970', '50.87227770', 1),
(253, 5, 77, 'تنکمان', 'Tankaman', '35.89154410', '50.60591340', 1),
(254, 5, 77, 'نظرآباد', 'Nazarabad', '35.96767790', '50.56942410', 1),
(255, 6, 78, 'آبدانان', 'Abdanan', '32.99354450', '47.40373120', 1),
(256, 6, 78, 'سراب باغ', 'Sarabbagh', '32.89856040', '47.57032870', 1),
(257, 6, 78, 'مورموری', 'Murmuri ', '32.72546810', '47.66744610', 1),
(258, 6, 79, 'ایلام', 'Ilam', '33.63691930', '46.39649800', 1),
(259, 6, 79, 'چوار', 'Chovar', '33.69522650', '46.29299630', 1),
(260, 6, 80, 'ایوان', 'Eyvan', '33.82824890', '46.29031400', 1),
(261, 6, 80, 'زرنه', 'Zarneh', '33.92863690', '46.17875560', 1),
(262, 6, 81, 'بدره', 'Bedreh', '33.30662610', '47.02968120', 1),
(263, 6, 82, 'آسمان آباد', 'Aseman Abad', '33.85182450', '46.44400060', 1),
(264, 6, 82, 'بلاوه', 'Balavah Tareh', '33.66690070', '46.80243500', 1),
(265, 6, 82, 'توحید', 'Tohid', '33.72550000', '47.06850000', 1),
(266, 6, 82, 'سرابله', 'Sarableh', '33.76577730', '46.54643580', 1),
(267, 6, 82, 'شباب', 'Shabab', '33.74878600', '46.63228510', 1),
(268, 6, 83, 'دره شهر', 'Darreh Shahr', '33.14329670', '47.36806860', 1),
(269, 6, 83, 'ماژین', 'Mazhin', '32.95297150', '47.78095720', 1),
(270, 6, 84, 'پهله', 'Pahleh', '33.01059760', '46.87927360', 1),
(271, 6, 84, 'دهلران', 'Dehloran', '32.69107090', '47.25262630', 1),
(272, 6, 84, 'موسیان', 'Mousiyan', '32.51868160', '47.36810080', 1),
(273, 6, 84, 'میمه', 'Maymeh', '33.22788250', '46.91291920', 1),
(274, 6, 85, 'لومار', 'Loumar', '33.56787760', '46.80513740', 1),
(275, 6, 86, 'ارکواز', 'Arkavaz', '33.38544050', '46.57578680', 1),
(276, 6, 86, 'دلگشا', 'Delgosha', '33.40633120', '46.58975600', 1),
(277, 6, 86, 'مهر', 'Mehr', '33.43694400', '46.46111100', 1),
(278, 6, 87, 'صالح آباد', 'Saleh Abad', '33.47157940', '46.18184570', 1),
(279, 6, 87, 'مهران', 'Mehran', '33.12167330', '46.15626800', 1),
(280, 7, 88, 'بوشهر', 'Bandar Bushehr', '28.91090220', '50.83002130', 1),
(281, 7, 88, 'چغادک', 'Choghadak', '28.98004950', '51.00757680', 1),
(282, 7, 88, 'خارک', 'Kharg', '29.24059200', '50.27422810', 1),
(283, 7, 88, 'عالی شهر', 'Alishahr', '28.93079290', '51.05608460', 1),
(284, 7, 89, 'آباد', 'Abad', '29.02994140', '51.23435480', 1),
(285, 7, 89, 'اهرم', 'Ahram', '28.88148350', '51.25673510', 1),
(286, 7, 89, 'دلوار', 'Delvar', '28.75279600', '51.05192160', 1),
(287, 7, 90, 'انارستان', 'Anarestan', '28.03242110', '52.05895180', 1),
(288, 7, 90, 'جم', 'Jam', '27.81572560', '52.30998450', 1),
(289, 7, 90, 'ریز', 'Riz', '28.05156760', '52.06435920', 1),
(290, 7, 91, 'آب پخش', 'Ab Pakhsh', '29.36788550', '51.05140670', 1),
(291, 7, 91, 'برازجان', 'Borazjan', '29.26868510', '51.18010940', 1),
(292, 7, 91, 'بوشکان', 'Boshkan', '28.83166590', '51.69114580', 1),
(293, 7, 91, 'تنگ ارم', 'Tang Eram', '29.15332260', '51.51832580', 1),
(294, 7, 91, 'دالکی', 'Dalaki', '29.43023450', '51.28279560', 1),
(295, 7, 91, 'سعد آباد', 'Sadabad', '29.38580150', '51.11174580', 1),
(296, 7, 91, 'شبانکاره', 'Shaban Kareh', '29.47081580', '50.97548950', 1),
(297, 7, 91, 'کلمه', 'Kalameh', '28.94047610', '51.45177470', 1),
(298, 7, 91, 'وحدتیه', 'Vahdatiyeh', '29.48645140', '51.21830440', 1),
(299, 7, 92, 'بادوله', 'Baduleh', '28.39721360', '51.49332760', 1),
(300, 7, 92, 'خورموج', 'Khormoj', '28.64840690', '51.35095520', 1),
(301, 7, 92, 'شنبه', 'Shonbeh', '28.39593970', '51.75433880', 1),
(302, 7, 92, 'کاکی', 'Kaki', '28.34162750', '51.50626640', 1),
(303, 7, 93, 'آبدان', 'Konar Torshan', '28.07801520', '51.74254250', 1),
(304, 7, 93, 'بردخون', 'Bord Khun', '28.06421750', '51.47342790', 1),
(305, 7, 93, 'بردستان', 'Bardestan', '27.87006400', '51.94125630', 1),
(306, 7, 93, 'بندردیر', 'Dayyer', '27.84286870', '51.91832720', 1),
(307, 7, 93, 'دوراهک', 'Dorahak', '27.94859620', '51.95292940', 1),
(308, 7, 94, 'امام حسن', 'Imam Hassan', '29.84250000', '50.26305600', 1),
(309, 7, 94, 'بندردیلم', 'Bandar Deylam', '30.06097110', '50.14617180', 1),
(310, 7, 95, 'عسلویه', 'Asaluyeh', '27.47606400', '52.60389090', 1),
(311, 7, 95, 'نخل تقی', 'Nakhl Taghi', '27.50035250', '52.57634380', 1),
(312, 7, 96, 'بندرکنگان', 'Bandar-e Kangan', '27.83288720', '52.03707510', 1),
(313, 7, 96, 'بنک', 'Banak', '27.86259810', '52.00103740', 1),
(314, 7, 96, 'سیراف', 'BandarSiraf', '27.66442800', '52.32552030', 1),
(315, 7, 97, 'بندرریگ', 'Bandar Rig', '29.48417390', '50.61869140', 1),
(316, 7, 97, 'بندرگناوه', 'Bandar Ganaveh', '29.58385910', '50.47629770', 1),
(317, 8, 98, 'احمد آباد مستوفي', 'Ahmadabad-E Mostowfi', '35.63518510', '51.20369200', 1),
(318, 8, 98, 'اسلامشهر', 'Eslamshahr', '35.58260210', '51.12182160', 1),
(319, 8, 98, 'چهاردانگه', 'Chahar Dangeh', '35.59615900', '51.31556500', 1),
(320, 8, 99, 'صالحيه', 'salehie', '35.59992120', '51.28272270', 1),
(321, 8, 99, 'گلستان', 'Golestan', '35.52074490', '51.17017500', 1),
(322, 8, 99, 'نسيم شهر', 'Nasimshahr', '35.56385880', '51.13968360', 1),
(323, 8, 100, 'پاکدشت', 'Pakdasht', '35.44498050', '51.61959670', 1),
(324, 8, 100, 'شريف آباد', 'Sharifabad', '35.42731310', '51.76860800', 1),
(325, 8, 100, 'فرون اباد', 'Ferunabad', '35.51456310', '51.61007320', 1),
(326, 8, 101, 'بومهن', 'Bumehen', '35.73364600', '51.86812400', 1),
(327, 8, 101, 'پرديس', 'Pardis', '35.74170100', '51.78080100', 1),
(328, 8, 102, 'پيشوا', 'Pishva', '35.30778500', '51.73087200', 1),
(329, 8, 103, 'تهران', 'Tehran', '35.68919800', '51.38897400', 1),
(330, 8, 104, 'آبسرد', 'Absard', '35.62931440', '52.13407450', 1),
(331, 8, 104, 'آبعلي', 'Abali', '35.76759600', '51.94129930', 1),
(332, 8, 104, 'دماوند', 'Damavand', '35.70866150', '52.01006240', 1),
(333, 8, 104, 'رودهن', 'Rudehen', '35.73381290', '51.89812650', 1),
(334, 8, 104, 'کيلان', 'Kilan', '35.55267040', '52.11622180', 1),
(335, 8, 105, 'پرند', 'Parand', '35.49026110', '50.91815410', 1),
(336, 8, 105, 'رباطکريم', 'Robat Karim', '35.47523440', '51.04732930', 1),
(337, 8, 105, 'نصيرشهر', 'Nasirshahr', '35.49031160', '51.13230230', 1),
(338, 8, 106, 'باقرشهر', 'Baghershahr', '35.53356180', '51.39546910', 1),
(339, 8, 106, 'حسن آباد', 'Hasanabad', '35.36952280', '51.22152310', 1),
(340, 8, 106, 'شهرري', 'Shahr-e-Rey', '35.57258130', '51.42336480', 1),
(341, 8, 106, 'کهريزک', 'Kahrizak', '35.51683940', '51.35078420', 1),
(342, 8, 107, 'تجريش', 'Tajrish', '35.80464930', '51.43132060', 1),
(343, 8, 107, 'شمشک', 'Shemshak', '36.01128670', '51.48654700', 1),
(344, 8, 107, 'فشم', 'Fasham', '35.93172150', '51.51130900', 1),
(345, 8, 107, 'لواسان', 'Lavasan', '35.82325020', '51.60526000', 1),
(346, 8, 108, 'انديشه', 'Andisheh', '35.74689450', '51.26907350', 1),
(347, 8, 108, 'باغستان', 'Baghestan', '35.64247090', '51.08020080', 1),
(348, 8, 108, 'شاهدشهر', 'Shahedshahr', '35.57269240', '51.07882980', 1),
(349, 8, 108, 'شهريار', 'Shahriar', '35.65918130', '51.00680910', 1),
(350, 8, 108, 'صباشهر', 'Sabashahr', '35.58323760', '51.08146840', 1),
(351, 8, 108, 'فردوسيه', 'Ferdosiye', '35.59729320', '51.02402630', 1),
(352, 8, 108, 'وحيديه', 'Vahidieh', '35.60483460', '51.01625910', 1),
(353, 8, 109, 'ارجمند', 'Arjmand', '35.81400170', '52.50353330', 1),
(354, 8, 109, 'فيروزکوه', 'Firuzkuh', '35.75702810', '52.75562180', 1),
(355, 8, 110, 'قدس', 'Qods', '35.71068740', '51.07910810', 1),
(356, 8, 111, 'قرچک', 'Qarchak', '35.43705200', '51.55806530', 1),
(357, 8, 112, 'صفادشت', 'Safadasht', '35.68448900', '50.82465800', 1),
(358, 8, 112, 'ملارد', 'Malard', '35.67940860', '50.94568430', 1),
(359, 8, 113, 'جوادآباد', 'Javadabad', '35.21020010', '51.67277520', 1),
(360, 8, 113, 'ورامين', 'Varamin', '35.34487270', '51.60784650', 1),
(361, 9, 114, 'اردل', 'Ardal', '32.00501060', '50.61478550', 1),
(362, 9, 114, 'دشتک', 'Dashtak', '32.16260720', '50.44992680', 1),
(363, 9, 114, 'سرخون', 'SarKhun', '31.74577700', '50.54092890', 1),
(364, 9, 114, 'کاج', 'Kaj', '32.05868180', '50.57817940', 1),
(365, 9, 115, 'بروجن', 'Boroujen', '31.97268680', '51.27156200', 1),
(366, 9, 115, 'بلداجی', 'Boldaji', '31.93677560', '51.04458330', 1),
(367, 9, 115, 'سفیددشت', 'Sefiddasht', '32.13223020', '51.17423050', 1),
(368, 9, 115, 'فرادبنه', 'Faradonbeh', '32.00967370', '51.19972210', 1),
(369, 9, 115, 'گندمان', 'Gandoman', '31.86348680', '51.13710870', 1),
(370, 9, 115, 'نقنه', 'Naghneh', '31.93395290', '51.32190230', 1),
(371, 9, 116, 'بن', 'Ben', '32.54250000', '50.74444400', 1),
(372, 9, 116, 'وردنجان', 'Vardanjan ', '32.47903740', '50.75005520', 1),
(373, 9, 117, 'سامان', 'Saman', '32.44862340', '50.90259780', 1),
(374, 9, 118, 'سودجان', 'Sudejan', '32.52143210', '50.39623970', 1),
(375, 9, 118, 'سورشجان', 'Sureshjan', '32.31709400', '50.67117690', 1),
(376, 9, 118, 'شهرکرد', 'Shahrekord', '32.34130620', '50.82824660', 1),
(377, 9, 118, 'طاقانک', 'Taqanak', '32.22333300', '50.83861100', 1),
(378, 9, 118, 'فرخ شهر', 'Farrokhshahr', '32.27076050', '50.93707970', 1),
(379, 9, 118, 'کیان', 'ShahrKian', '32.28446520', '50.88317860', 1),
(380, 9, 188, 'نافچ', 'Nafch', '32.42311540', '50.77988140', 1),
(381, 9, 118, 'هارونی', 'Haarooni', '32.39291700', '50.56652790', 1),
(382, 9, 118, 'هفشجان', 'Hafshejan', '32.22555600', '50.79388900', 1),
(383, 9, 119, 'باباحیدر', 'Babaheydar', '32.33058500', '50.45960420', 1),
(384, 9, 119, 'پردنجان', 'Pordanjan', '32.25403890', '50.59079640', 1),
(385, 9, 119, 'جونقان', 'Junqan', '32.15297870', '50.67785030', 1),
(386, 9, 119, 'چلیچه', 'Choliche', '32.23196940', '50.62066420', 1),
(387, 9, 119, 'فارسان', 'Farsan', '32.25665000', '50.55221540', 1),
(388, 9, 119, 'گوجان', 'Gujan', '32.24561880', '50.54045680', 1),
(389, 9, 120, 'بازفت', 'Bazoft', '32.20000000', '50.05000000', 1),
(390, 9, 120, 'چلگرد', 'Chelgerd', '32.46261960', '50.12346200', 1),
(391, 9, 120, 'صمصامی', 'Samsami', '32.16811120', '50.27090540', 1),
(392, 9, 121, 'دستنا', 'Dastena', '32.05881780', '50.76100940', 1),
(393, 9, 121, 'شلمزار', 'Shalamzar ', '32.04720560', '50.80899950', 1),
(394, 9, 121, 'گهرو', 'Gahru', '32.00802020', '50.87719190', 1),
(395, 9, 121, 'ناغان', 'Naghan', '31.93457630', '50.72042630', 1),
(396, 9, 122, 'آلونی', 'Aluni', '31.55421910', '51.04972240', 1),
(397, 9, 122, 'سردشت', 'Kal Geh-ye Sardasht', '31.39583300', '50.83583300', 1),
(398, 9, 122, 'لردگان', 'Lordegan', '31.51862110', '50.78370680', 1),
(399, 9, 122, 'مال خلیفه', 'Mal-e Khalifeh', '31.29168000', '51.25682120', 1),
(400, 9, 122, 'منج', 'Menj', '31.48467380', '50.87308270', 1),
(401, 10, 123, 'ارسک', 'Eresk', '33.70284870', '57.36251580', 1),
(402, 10, 123, 'بشرویه', 'Boshrouyeh', '33.86371270', '57.40532390', 1),
(403, 10, 124, 'بیرجند', 'Birjand', '32.87067490', '59.20690950', 1),
(404, 10, 125, 'خوسف', 'Khusf', '32.78472970', '58.88036720', 1),
(405, 10, 125, 'محمدشهر', 'Mohammad Shahr', '35.74475930', '50.87227770', 1),
(406, 10, 126, 'اسدیه', 'Asadieh', '32.91389070', '60.01498450', 1),
(407, 10, 126, 'طبس مسینا', 'Tabas Masina', '32.80770990', '60.21503440', 1),
(408, 10, 126, 'قهستان', 'Ghohestan', '33.15183200', '59.69687450', 1),
(409, 10, 126, 'گزیک', 'Gazik', '32.99991820', '60.21178420', 1),
(410, 10, 127, 'حاجی آباد', 'Hajiabad', '33.60327070', '59.99037270', 1),
(411, 10, 127, 'زهان', 'Zohaan', '33.42331970', '59.80727440', 1),
(412, 10, 128, 'آیسک', 'Ayask', '33.88666690', '58.36903090', 1),
(413, 10, 128, 'سرایان', 'Sarayan', '33.39278200', '57.76132510', 1),
(414, 10, 128, 'سه قلعه', 'Seh Qaleh', '33.66052710', '58.39830620', 1),
(415, 10, 129, 'سربیشه', 'Sarbishe', '32.49081810', '59.48763620', 1),
(416, 10, 129, 'مود', 'Mud', '32.70890630', '59.51680120', 1),
(417, 10, 130, 'دیهوک', 'Deyhuk', '33.29299580', '57.50437250', 1),
(418, 10, 130, 'طبس', 'Tabas', '33.60960450', '56.91063830', 1),
(419, 10, 130, 'عشق آباد', 'Eshqabad', '34.36694400', '56.93111100', 1),
(420, 10, 131, 'اسلامیه', 'Eslamiyeh', '34.04555600', '58.22027800', 1),
(421, 10, 131, 'فردوس', 'Ferdows', '34.01940280', '58.15411070', 1),
(422, 10, 132, 'آرین شهر', 'Arian Shahr', '33.33146920', '59.22934410', 1),
(423, 10, 132, 'اسفدن', 'Esfedan', '33.64611680', '59.77098940', 1),
(424, 10, 132, 'خضری دشت بیاض', 'Khezri Dashtebayaz', '34.02110000', '58.80779740', 1),
(425, 10, 132, 'قاین', 'Ghayen', '33.72482540', '59.14322310', 1),
(426, 10, 132, 'نیمبلوک', 'Nimbolook', '33.91169420', '58.92362600', 1),
(427, 10, 133, 'شوسف', 'Shusf', '31.80557260', '59.99816170', 1),
(428, 10, 133, 'نهبندان', 'Nehbandan', '31.46578870', '59.16104840', 1),
(429, 11, 134, 'باخرز', 'Bakharz', '34.99345750', '60.30584330', 1),
(430, 11, 135, 'بجستان', 'Bajestan', '34.52359130', '58.13947610', 1),
(431, 11, 135, 'یونسی', 'Yunesi', '34.80527800', '58.43750000', 1),
(432, 11, 136, 'انابد', 'Anabad', '35.25017460', '57.80098200', 1),
(433, 11, 136, 'بردسکن', 'Bardaskan', '35.26005310', '57.95704360', 1),
(434, 11, 136, 'شهراباد', 'Shahrabad', '32.57384110', '50.99270600', 1),
(435, 11, 137, 'شاندیز', 'Shandiz', '36.39505690', '59.29064860', 1),
(436, 11, 137, 'طرقبه', 'Torghabeh', '36.31474250', '59.36767090', 1),
(437, 11, 138, 'تایباد', 'Taybad', '34.74435930', '60.75448030', 1),
(438, 11, 138, 'کاریز', 'Kariz', '34.81501620', '60.80636480', 1),
(439, 11, 138, 'مشهدریزه', 'Mashhad Rizeh', '34.79567270', '60.49771780', 1),
(440, 11, 139, 'احمداباد صولت', 'Ahmad-abad-e-Solat', '35.11510780', '60.68452830', 1),
(441, 11, 139, 'تربت جام', 'Torbat-e-Jam', '35.23577360', '60.59668010', 1),
(442, 11, 139, 'صالح آباد', 'Saleh Abad', '35.69056280', '61.08321190', 1),
(443, 11, 139, 'نصرآباد', 'Nasrabad', '35.41792500', '60.30567170', 1),
(444, 11, 139, 'نیل شهر', 'Nil Shahr', '35.12525790', '60.76576360', 1),
(445, 11, 140, 'بایگ', 'Bayg', '35.37486070', '59.03061380', 1),
(446, 11, 140, 'تربت حیدریه', 'Torbat Heydariyeh', '35.26417110', '59.18266230', 1),
(447, 11, 140, 'رباط سنگ', 'Robat-e-Sang', '35.54844590', '59.18669700', 1),
(448, 11, 140, 'کدکن', 'Kadkan', '35.58739560', '58.87465950', 1),
(449, 11, 141, 'جغتای', 'Joghatay', '36.64066660', '57.06071360', 1),
(450, 11, 142, 'نقاب', 'Neghab', '36.70291640', '57.39315730', 1),
(451, 11, 143, 'چناران', 'Chenaran', '36.64126890', '59.10343590', 1),
(452, 11, 143, 'گلبهار', 'Golbahar', '36.56365510', '59.13914620', 1),
(453, 11, 143, 'گلمکان', 'Golmakan', '36.48252780', '59.15481090', 1),
(454, 11, 144, 'خلیل آباد', 'Khalil Abad', '35.25366100', '58.27916620', 1),
(455, 11, 144, 'کندر', 'Kondor', '35.21201740', '58.14243800', 1),
(456, 11, 145, 'خواف', 'Khaf', '34.56989720', '60.09881910', 1),
(457, 11, 145, 'سلامی', 'Salami', '34.74571990', '59.96912950', 1),
(458, 11, 145, 'سنگان', 'Sangan', '34.40055260', '60.25382990', 1),
(459, 11, 145, 'قاسم آباد', 'Qasemabad', '35.91017750', '58.57594740', 1),
(460, 11, 145, 'نشتیفان', 'Nashtifan', '34.43473260', '60.15978070', 1),
(461, 11, 146, 'سلطان آباد', 'Soltanabad', '36.14784690', '58.86142020', 1),
(462, 11, 147, 'داورزن', 'Davarzan', '36.35346380', '56.87169310', 1),
(463, 11, 148, 'چاپشلو', 'Chapeshlu', '37.35090120', '59.06953800', 1),
(464, 11, 148, 'درگز', 'Dargaz', '37.44652000', '59.09023650', 1),
(465, 11, 148, 'لطف آباد', 'Lotfabad', '36.17687250', '58.72503510', 1),
(466, 11, 148, 'نوخندان', 'Nokhandan', '37.51838840', '58.98018830', 1),
(467, 11, 149, 'جنگل', 'Jangal', '34.70746780', '59.20638620', 1),
(468, 11, 149, 'رشتخوار', 'Rashtkhar', '34.97462940', '59.61447710', 1),
(469, 11, 150, 'دولت آباد', 'Dowlat Abad', '35.28403960', '59.51311110', 1),
(470, 11, 151, 'روداب', 'Rudab', '36.02367790', '57.30447290', 1),
(471, 11, 151, 'سبزوار', 'Sabzevar', '36.23968030', '57.57385020', 1),
(472, 11, 151, 'ششتمد', 'Sheshtamad', '35.96042890', '57.75027730', 1),
(473, 11, 152, 'سرخس', 'Sarakhs', '36.53967070', '61.13981710', 1),
(474, 11, 152, 'مزدآوند', 'Mazdavand', '36.15644920', '60.52641750', 1),
(475, 11, 153, 'سفیدسنگ', 'Sefid Sang', '35.66218570', '60.08599370', 1),
(476, 11, 153, 'فرهادگرد', 'Farhadgerd', '35.76448180', '59.72416880', 1),
(477, 11, 153, 'فریمان', 'Fariman', '35.69956090', '59.83111500', 1),
(478, 11, 153, 'قلندرآباد', 'Qalandarabad', '35.60053760', '59.93625620', 1),
(479, 11, 154, 'فیروزه', 'Firouzeh', '36.28288760', '58.56768590', 1),
(480, 11, 154, 'همت آباد', 'Hemmatabad', '36.29790420', '58.45773920', 1),
(481, 11, 155, 'باجگیران', 'Bajgiran', '37.62134430', '58.41607690', 1),
(482, 11, 155, 'قوچان', 'Quchan', '37.10970060', '58.42871690', 1),
(483, 11, 156, 'ریوش', 'Rivash', '35.47893040', '58.43782410', 1),
(484, 11, 156, 'کاشمر', 'Kashmar', '35.25401630', '58.42863980', 1),
(485, 11, 157, 'شهرزو', 'Shahrezu', '36.74907150', '59.92741590', 1),
(486, 11, 157, 'کلات', 'Kalat', '36.99706750', '59.73384600', 1),
(487, 11, 158, 'بیدخت', 'Beydokht', '34.34779140', '58.74766210', 1),
(488, 11, 158, 'کاخک', 'Kakhk', '34.14457510', '58.63607160', 1),
(489, 11, 158, 'گناباد', 'Gonabad', '34.35098630', '58.66312920', 1),
(490, 11, 159, 'رضویه', 'Razaviye', '36.20932450', '59.76103310', 1),
(491, 11, 159, 'مشهد', 'Mashhad', '36.29781700', '59.43937330', 1),
(492, 11, 159, 'ثامن', 'Samen', '36.42600420', '59.38201710', 1),
(493, 11, 159, 'ملک آباد', 'Molkabad', '35.99376960', '59.56460930', 1),
(494, 11, 160, 'شادمهر', 'Shadmehr', '35.17244870', '59.03391840', 1),
(495, 11, 160, 'فیض آباد', 'Feyz Abad', '35.01822080', '58.76292930', 1),
(496, 11, 161, 'بار', 'Bar', '36.49129220', '58.70953140', 1),
(497, 11, 161, 'چکنه', 'Chakaneh', '36.81366450', '58.49726210', 1),
(498, 11, 161, 'خرو', 'Kharv', '36.15200430', '58.98408620', 1),
(499, 11, 161, 'درود', 'Darrod', '36.13789110', '59.10554410', 1),
(500, 11, 161, 'عشق آباد', 'Eshqabad', '36.04380680', '58.67441650', 1),
(501, 11, 161, 'قدمگاه', 'Ghadamgah', '36.11175410', '59.04797300', 1),
(502, 11, 161, 'نیشابور', 'Neyshabur', '36.23163280', '58.72165380', 1),
(503, 12, 162, 'اسفراین', 'Esfarayen', '37.06338420', '57.47300090', 1),
(504, 12, 162, 'صفی آباد', 'Safiabad', '36.69452330', '57.92146670', 1),
(505, 12, 163, 'بجنورد', 'Bojnurd', '37.48420890', '57.25546170', 1),
(506, 12, 163, 'چناران شهر', 'Chenaran Shahr', '37.46480280', '57.43791020', 1),
(507, 12, 163, 'حصارگرمخان', 'Hesar-e Garmkhan', '37.51944400', '57.48250000', 1),
(508, 12, 164, 'جاجرم', 'Jajarm', '36.96161010', '56.33044430', 1),
(509, 12, 164, 'سنخواست', 'Sankhast', '37.10227080', '56.85038560', 1),
(510, 12, 164, 'شوقان', 'Shoqan', '37.34160420', '56.87828070', 1),
(511, 12, 165, 'راز', 'Raz', '37.93388900', '57.11250000', 1),
(512, 12, 166, 'زیارت', 'Ziarat', '36.71608360', '58.54554170', 1),
(513, 12, 166, 'شیروان', 'Shirvan', '37.40904730', '57.89747520', 1),
(514, 12, 166, 'قوشخانه', 'Qushkhaneh', '37.74660970', '57.70606400', 1),
(515, 12, 166, 'لوجلی', 'Lujali', '37.60805600', '57.85750000', 1),
(516, 12, 167, 'تیتکانلو', 'Titkanlu', '37.22889760', '58.29700970', 1),
(517, 12, 167, 'فاروج', 'Farooj', '37.18743970', '57.53594140', 1),
(518, 12, 168, 'ایور', 'Ivar', '36.96991740', '56.25472080', 1),
(519, 12, 168, 'درق', 'Daraq', '36.97032870', '56.20023960', 1),
(520, 12, 168, 'گرمه', 'Garmeh', '36.98811280', '56.26396410', 1),
(521, 12, 169, 'آشخانه', 'Ashkhaneh', '37.55917080', '56.90694800', 1),
(522, 12, 169, 'آوا', 'Ava', '37.47722200', '56.74111100', 1),
(523, 12, 169, 'پیش قلعه', 'Pish Ghaleh', '37.65006930', '56.98857310', 1),
(524, 12, 169, 'قاضی', 'Qazi', '37.84754450', '57.31184360', 1),
(525, 13, 170, 'آبادان', 'Abadan', '30.32758410', '48.25331100', 1),
(526, 13, 170, 'اروندکنار', 'Arvand Kenar', '30.05886160', '48.43110310', 1),
(527, 13, 170, 'چویبده', 'Chavibdeh', '30.20361100', '48.55388900', 1),
(528, 13, 171, 'آغاجاری', 'Aghajari', '30.69847720', '49.79497370', 1),
(529, 13, 172, 'امیدیه', 'Omidiyeh', '30.75768600', '49.67006900', 1),
(530, 13, 172, 'جایزان', 'Jayezan', '30.87428460', '49.83620500', 1),
(531, 13, 173, 'آبژدان', 'Abezhdan', '32.15000000', '49.40000000', 1),
(532, 13, 173, 'قلعه خواجه', 'Qaleh-ye Khvajeh', '32.20524790', '49.44976320', 1),
(533, 13, 174, 'آزادی', 'Azadi', '32.40362450', '48.24791910', 1),
(534, 13, 174, 'اندیمشک', 'Andimeshk', '32.46179470', '48.31033020', 1),
(535, 13, 174, 'بیدروبه', 'Bidrubeh-ye', '32.76095130', '48.22946550', 1),
(536, 13, 174, 'چم گلک', 'Chamgolak', '32.44472130', '48.43590970', 1),
(537, 13, 174, 'حسینیه', 'Hoseyniye', '32.67667910', '48.23694340', 1),
(538, 13, 175, 'الهایی', 'Elhayi', '31.65388900', '48.59444400', 1),
(539, 13, 175, 'اهواز', 'Ahvaz', '31.37506920', '48.53050670', 1),
(540, 13, 176, 'ایذه', 'Izeh', '31.82509700', '49.84926210', 1),
(541, 13, 176, 'دهدز', 'Dehdez', '31.70198800', '50.28124790', 1),
(542, 13, 176, 'باغ ملک', 'Baghmalek', '31.52627310', '49.86389610', 1),
(543, 13, 177, 'صیدون', 'Seydun', '31.36528970', '50.07061950', 1),
(544, 13, 177, 'قلعه تل', 'Ghale Tol', '31.62757850', '49.86016210', 1),
(545, 13, 177, 'میداود', 'Midavod', '31.39148800', '49.83969100', 1),
(546, 13, 178, 'شیبان', 'Sheyban', '31.40816250', '48.78697870', 1),
(547, 13, 178, 'ملاثانی', 'Mollasani', '31.58593640', '48.87006270', 1),
(548, 13, 178, 'ویس', 'Veys', '31.48771080', '48.86967650', 1),
(549, 13, 179, 'بندرامام خمینی', 'Bandar Imam Khomeini', '30.47897630', '49.00476180', 1),
(550, 13, 179, 'بندرماهشهر', 'Bandar Mahshahr', '30.56303150', '49.14359410', 1),
(551, 13, 179, 'چمران', 'Chamran Town', '30.70618820', '49.15299300', 1),
(552, 13, 180, 'بهبهان', 'Behbahan', '30.59347310', '50.20715410', 1),
(553, 13, 180, 'تشان', 'Tashan', '30.82916700', '50.19833300', 1),
(554, 13, 180, 'سردشت', 'Sar Dasht', '30.32761920', '50.20910740', 1),
(555, 13, 180, 'منصوریه', 'Mansuriyeh', '30.62827400', '50.29850000', 1),
(556, 13, 181, 'حمیدیه', 'Hamidiyeh', '31.47475930', '48.41494540', 1),
(557, 13, 182, 'خرمشهر', 'Khorramshahr', '30.41144550', '48.11874140', 1),
(558, 13, 182, 'مقاومت', 'Moqavemat', '30.44583300', '48.17083300', 1),
(559, 13, 182, 'مینوشهر', 'Minushahr', '30.34436130', '48.18489410', 1),
(560, 13, 183, 'چغامیش', 'Choghamish', '32.20916700', '48.54611100', 1),
(561, 13, 183, 'حمزه', 'Hanzeh', '32.39318880', '48.57371090', 1),
(562, 13, 183, 'دزفول', 'Dezful', '32.40232870', '48.31778110', 1),
(563, 13, 183, 'سالند', 'Sāland', '32.49901190', '48.82560250', 1),
(564, 13, 183, 'سیاه منصور', 'SiahMansur', '32.33225340', '48.48953250', 1),
(565, 13, 183, 'شمس آباد', 'Shamsabad', '32.29616570', '48.42367890', 1),
(566, 13, 183, 'شهر امام', 'Imam', '32.22777680', '48.41621160', 1),
(567, 13, 183, 'صفی آباد', 'Safiabad', '32.26002660', '48.40730660', 1),
(568, 13, 183, 'میانرود', 'Mianrood', '32.15313320', '48.43118900', 1),
(569, 13, 184, 'ابوحمیظه', 'Abou Homeyzeh', '31.52809530', '48.21535710', 1),
(570, 13, 184, 'بستان', 'Bostan', '31.71577230', '47.97680280', 1),
(571, 13, 184, 'سوسنگرد', 'Susangerd', '31.55538610', '48.16843960', 1),
(572, 13, 184, 'کوت سیدنعیم', 'Kut-e Seyyed Naim', '31.46138900', '48.37833300', 1),
(573, 13, 185, 'رامشیر', 'Ramshir', '30.89172660', '49.39161280', 1),
(574, 13, 185, 'مشراگه', 'Moshrageh', '31.01056150', '49.43022070', 1),
(575, 13, 186, 'رامهرمز', 'Ramhormoz', '31.27524110', '49.57374510', 1),
(576, 13, 187, 'خنافره', 'Khorusi-ye Jonubi', '30.61666700', '48.61666700', 1),
(577, 13, 187, 'دارخوین', 'Darkhovin', '30.74371380', '48.41850740', 1),
(578, 13, 187, 'شادگان', 'Shadegan', '30.65190240', '48.63698940', 1),
(579, 13, 188, 'الوان', 'Alvan', '32.11138900', '48.46000000', 1),
(580, 13, 188, 'حر', 'Horr', '32.14472200', '48.39250000', 1),
(581, 13, 188, 'شاوور', 'Hosseinabad ', '32.05847040', '48.29463110', 1),
(582, 13, 188, 'شوش', 'Shooshtar', '32.04102720', '48.79976690', 1),
(583, 13, 188, 'فتح المبین', 'FatholMobin', '32.42388900', '47.81000000', 1),
(584, 13, 189, 'سرداران', 'Sardarabad', '32.02138900', '48.79277800', 1),
(585, 13, 189, 'شرافت', 'Sherafat', '32.08775530', '48.75856870', 1),
(586, 13, 189, 'شوشتر', 'Shooshtar', '32.04102720', '48.79976690', 1),
(587, 13, 189, 'گوریه', 'Guriyeh', '31.85694400', '48.75666700', 1),
(588, 13, 190, 'کوت عبداله', 'Kut Abdollah', '31.23525860', '48.64282600', 1),
(589, 13, 191, 'ترکالکی', 'Torkalaki', '32.24128960', '48.83882040', 1),
(590, 13, 191, 'جنت مکان', 'Jannat Makan', '32.18523730', '48.80457390', 1),
(591, 13, 191, 'سماله', 'Semaleh', '32.19756680', '48.85203840', 1),
(592, 13, 191, 'صالح شهر', 'Salehshahr', '32.21427110', '48.66241680', 1),
(593, 13, 191, 'گتوند', 'Gotvand', '32.24520520', '48.76513420', 1),
(594, 13, 192, 'لالی', 'Lali', '32.32931580', '49.08755770', 1),
(595, 13, 193, 'گلگیر', 'Golgir', '31.96470000', '49.28560000', 1),
(596, 13, 193, 'مسجدسلیمان', 'Masjed Soleyman', '31.95157490', '49.21942580', 1),
(597, 13, 194, 'هفتگل', 'Haftkel', '31.45494850', '49.50872880', 1),
(598, 13, 195, 'زهره', 'Zahreh', '30.46916700', '49.68444400', 1),
(599, 13, 195, 'هندیجان', 'Hendijan', '30.23448540', '49.69240650', 1),
(600, 13, 196, 'رفیع', 'Rofayyeh', '31.59772720', '47.88532740', 1),
(601, 13, 196, 'هویزه', 'Hoveyzeh', '31.46547330', '48.06143040', 1),
(602, 14, 197, 'ابهر', 'Abhar', '36.15122570', '49.19924440', 1),
(603, 14, 197, 'صایین قلعه', 'Sain Qaleh', '36.30295080', '49.06384700', 1),
(604, 14, 197, 'هیدج', 'Hidaj', '36.25513060', '49.12132140', 1),
(605, 14, 198, 'حلب', 'Halab', '36.29550690', '48.05917740', 1),
(606, 14, 198, 'زرین آباد', 'Zarrin Abad', '36.42352420', '48.24708800', 1),
(607, 14, 199, 'زرین رود', 'Zarrin Rood', '35.75856190', '48.47152940', 1),
(608, 14, 199, 'سجاس', 'Sojas', '36.23940950', '48.54545110', 1),
(609, 14, 199, 'سهرورد', 'Sohrevard', '36.07305320', '48.43168260', 1),
(610, 14, 199, 'قیدار', 'Qeydar', '36.12227140', '48.57544890', 1),
(611, 14, 199, 'کرسف', 'Karasf', '36.04488260', '48.49918840', 1),
(612, 14, 199, 'گرماب', 'Garmaab', '35.84896910', '48.19004780', 1),
(613, 14, 199, 'نوربهار', 'Nurbahar', '35.93777800', '48.79472200', 1),
(614, 14, 200, 'خرمدره', 'Khorramdarreh', '36.21196440', '49.16467600', 1),
(615, 14, 201, 'ارمغانخانه', 'Armaqankhaneh', '36.97756320', '48.36331840', 1),
(616, 14, 201, 'زنجان', 'Zanjan', '36.68113770', '48.42318300', 1),
(617, 14, 201, 'نیک پی', 'Nik Pey', '36.84951730', '48.17332150', 1),
(618, 14, 202, 'سلطانیه', 'Soltanieh', '36.43486910', '48.78414630', 1),
(619, 14, 203, 'آب بر', 'Abbar', '36.92958670', '48.93254920', 1),
(620, 14, 203, 'چورزق', 'Chavarzagh', '36.99800550', '48.77238060', 1),
(621, 14, 204, 'دندی', 'Dandi', '36.54939420', '47.59371740', 1),
(622, 14, 204, 'ماه نشان', 'Mahneshan', '36.74263210', '47.66291850', 1),
(623, 15, 205, 'آرادان', 'Aradan', '35.24814880', '52.48640420', 1),
(624, 15, 205, 'کهن آباد', 'Kohanabad', '35.22133420', '52.51071700', 1),
(625, 15, 206, 'امیریه', 'Amiriyeh', '36.02872950', '54.13541820', 1),
(626, 15, 206, 'دامغان', 'Damghan', '36.16451830', '54.32451710', 1),
(627, 15, 206, 'دیباج', 'Dibaj', '36.42948280', '54.21929960', 1),
(628, 15, 206, 'کلاته', 'Kalāteh', '36.35553790', '54.13633340', 1),
(629, 15, 207, 'سرخه', 'Sorkheh', '35.46800540', '53.20981120', 1),
(630, 15, 208, 'سمنان', 'Semnan', '35.57773950', '53.34909380', 1),
(631, 15, 209, 'بسطام', 'Bastam', '36.48439080', '54.99071350', 1),
(632, 15, 209, 'بیارجمند', 'Biyārjomand', '36.08175860', '55.79998970', 1),
(633, 15, 209, 'رودیان', 'Rodian', '36.35044740', '55.00128350', 1),
(634, 15, 209, 'شاهرود', 'Shahroud', '36.40570750', '54.93884820', 1),
(635, 15, 209, 'کلاته خیج', 'kalāte Khij', '36.67242800', '55.29090640', 1),
(636, 15, 209, 'مجن', 'Mojen', '36.47922350', '54.63925840', 1),
(637, 15, 210, 'ایوانکی', 'Eyvanekey', '35.34445670', '52.06075470', 1),
(638, 15, 210, 'گرمسار', 'Garmsar', '35.20287840', '52.30485560', 1),
(639, 15, 211, 'درجزین', 'Darjazin', '35.62847530', '53.30819540', 1),
(640, 15, 211, 'شهمیرزاد', 'Shahmirzad', '35.77010410', '53.31802350', 1),
(641, 15, 211, 'مهدی شهر', 'Mahdi Shahr', '35.70734520', '53.25079440', 1),
(642, 15, 212, 'میامی', 'Mayamey', '36.41200920', '55.64133160', 1),
(643, 16, 213, 'ایرانشهر', 'Iranshahr', '27.21695840', '60.63779300', 1),
(644, 16, 213, 'بزمان', 'Bazmān', '27.85550560', '60.16714090', 1),
(645, 16, 213, 'بمپور', 'Bampour', '27.19519200', '60.44720640', 1),
(646, 16, 213, 'محمدان', 'Mohamadan', '27.20214490', '60.54998870', 1),
(647, 16, 214, 'چابهار', 'Chabahar', '25.31083140', '60.61017690', 1),
(648, 16, 214, 'نگور', 'Negour', '25.38974400', '61.13295070', 1),
(649, 16, 215, 'خاش', 'Khash', '28.22272550', '61.15484910', 1),
(650, 16, 215, 'نوک آباد', 'Noukābād', '28.54068480', '60.75332160', 1),
(651, 16, 216, 'گلمورتی', 'Golmorti', '27.48143280', '59.43818080', 1),
(652, 16, 217, 'بنجار', 'Bonjār', '31.03910860', '61.55765160', 1),
(653, 16, 217, 'زابل', 'Zabol', '31.04012210', '61.42831310', 1),
(654, 16, 218, 'زاهدان', 'Zahedan', '29.48308140', '60.80497160', 1),
(655, 16, 218, 'نصرت آباد', 'Nosrat Abad', '29.85348390', '59.95762810', 1),
(656, 16, 219, 'زهک', 'Zahak', '30.89135860', '61.66544420', 1),
(657, 16, 220, 'جالق', 'Jālq', '27.59661720', '62.68275240', 1),
(658, 16, 220, 'سراوان', 'Saravan', '27.35053220', '62.28381560', 1),
(659, 16, 220, 'سیرکان', 'Sirkān', '26.82839760', '62.63013830', 1),
(660, 16, 220, 'گشت', 'Gosht', '27.78433780', '61.92705620', 1),
(661, 16, 220, 'محمدی', 'Mohammadi', '27.33196300', '62.38783200', 1),
(662, 16, 221, 'پیشین', 'Pishin', '26.08308740', '61.68561400', 1),
(663, 16, 221, 'راسک', 'Rāsk', '26.24159410', '61.38488520', 1),
(664, 16, 221, 'سرباز', 'Sarbaz', '26.63234450', '61.24955180', 1),
(665, 16, 222, 'سوران', 'Suran', '27.28758420', '61.98044280', 1),
(666, 16, 222, 'هیدوچ', 'Hidouj', '27.00415440', '62.10665690', 1),
(667, 16, 223, 'فنوج', 'Fanouj', '26.57336520', '59.62992650', 1),
(668, 16, 224, 'قصرقند', 'Qasr-e-qand', '26.22711380', '60.71461140', 1),
(669, 16, 225, 'زرآباد', 'Zarābād', '25.58250060', '59.37785270', 1),
(670, 16, 225, 'کنارک', 'Konarak', '25.73426710', '59.31003690', 1),
(671, 16, 226, 'مهرستان', 'Zaboli', '27.13388980', '61.65462950', 1),
(672, 16, 227, 'میرجاوه', 'Mirjaveh', '29.01806600', '61.43216230', 1),
(673, 16, 228, 'اسپکه', 'Espakeh', '26.83722420', '60.16413690', 1),
(674, 16, 228, 'بنت', 'Bent', '26.28883260', '59.50624450', 1),
(675, 16, 228, 'نیک شهر', 'Nikshahr', '26.23213310', '60.21774860', 1),
(676, 16, 229, 'ادیمی', 'Adimi', '31.11497090', '61.39258850', 1),
(677, 16, 230, 'شهرک علی اکبر', 'Hamoon', '30.94034720', '61.31965400', 1),
(678, 16, 230, 'محمدآباد', 'Mohammadābād', '30.88253960', '61.45724050', 1),
(679, 16, 231, 'دوست محمد', 'Dust Mohammad', '31.14661850', '61.77382690', 1),
(680, 17, 232, 'آباده', 'Abadeh', '31.16117410', '52.61279520', 1),
(681, 17, 232, 'ایزدخواست', 'IzadKhast', '31.51636070', '52.11609370', 1),
(682, 17, 232, 'بهمن', 'Bahman', '31.19345630', '52.47589580', 1),
(683, 17, 232, 'سورمق', 'Surmaq', '31.03248980', '52.83048390', 1),
(684, 17, 232, 'صغاد', 'Soghad', '31.19106770', '52.50031460', 1),
(685, 17, 233, 'ارسنجان', 'Arsenjan', '29.91892820', '53.28291870', 1),
(686, 17, 234, 'استهبان', 'Estahban', '29.12827840', '54.00042000', 1),
(687, 17, 234, 'ایج', 'Eij', '29.02248840', '54.23737580', 1),
(688, 17, 234, 'رونیز', 'RonizOlya', '29.19133810', '53.76483680', 1),
(689, 17, 235, 'اقلید', 'Eqlid', '30.90139930', '52.65279230', 1),
(690, 17, 235, 'حسن اباد', 'HasanAbad', '30.52016170', '52.45160570', 1),
(691, 17, 235, 'دژکرد', 'Dezhkord', '30.72281950', '51.95147040', 1),
(692, 17, 235, 'سده', 'Sedeh', '30.70291140', '52.15963050', 1),
(693, 17, 236, 'بوانات', 'Bavanat', '30.48645770', '53.58721010', 1),
(694, 17, 236, 'حسامی', 'Hesami', '29.96975010', '53.86682510', 1),
(695, 17, 236, 'کره ای', 'Korei', '30.03036720', '53.70883220', 1),
(696, 17, 236, 'مزایجان', 'Mazayejan', '28.05616020', '54.65025550', 1),
(697, 17, 237, 'سعادت شهر', 'SaadatShahr', '30.08246270', '53.12756530', 1),
(698, 17, 237, 'مادرسلیمان', 'Pasargad', '30.19138470', '53.17207930', 1),
(699, 17, 238, 'باب انار', 'BabAnar', '28.96416700', '53.21638900', 1),
(700, 17, 238, 'جهرم', 'Jahrom', '28.53058250', '53.51852170', 1),
(701, 17, 238, 'خاوران', 'Khavaran', '28.93684290', '53.31201550', 1),
(702, 17, 238, 'دوزه', 'Douzeh', '28.70131620', '52.95476670', 1),
(703, 17, 238, 'قطب آباد', 'QotbAbad', '28.64848720', '53.61144090', 1),
(704, 17, 239, 'خرامه', 'Kharameh', '29.50038570', '53.30107210', 1),
(705, 17, 239, 'سلطان شهر', 'SoltanShahr', '29.62961460', '53.23294400', 1),
(706, 17, 240, 'صفاشهر', 'Safashahr', '30.61431720', '53.17833400', 1),
(707, 17, 240, 'قادراباد', 'Qaderabad', '30.27834010', '53.25756670', 1),
(708, 17, 241, 'خنج', 'Khonj', '27.88763700', '53.41157890', 1),
(709, 17, 242, 'جنت شهر', 'JannatShahr', '28.65398340', '54.67042500', 1),
(710, 17, 242, 'داراب', 'Darab', '28.75162410', '54.50918140', 1),
(711, 17, 242, 'دوبرجی', 'DoBorji', '28.30666700', '55.19277800', 1),
(712, 17, 242, 'فدامی', 'Fadami ', '28.21409230', '55.11737800', 1),
(713, 17, 243, 'کوپن', 'Kopen', '30.33500890', '51.27854700', 1),
(714, 17, 243, 'مصیری', 'Masiri', '30.24094560', '51.52066790', 1),
(715, 17, 244, 'حاجی آباد', 'HajiAbad', '29.65540700', '52.31150870', 1),
(716, 17, 244, 'دبیران', 'Dabiran', '28.40752830', '54.16883220', 1),
(717, 17, 244, 'شهرپیر', 'PirCity', '28.31454240', '54.31413150', 1),
(718, 17, 245, 'اردکان', 'Sepidan', '30.20333330', '51.89679890', 1),
(719, 17, 245, 'بیضا', 'Beyza', '29.97198120', '52.39688860', 1),
(720, 17, 245, 'هماشهر', 'Hamashahr', '30.11166700', '52.08277800', 1),
(721, 17, 246, 'سروستان', 'سروستان', '29.27022530', '53.20730190', 1),
(722, 17, 246, 'کوهنجان', 'Kouhenjan', '29.23156770', '52.95320030', 1),
(723, 17, 247, 'خانه زنیان', 'KhaneZenian', '29.67004760', '52.14333620', 1),
(724, 17, 247, 'داریان', 'Dariun', '29.56255730', '52.91882510', 1),
(725, 17, 247, 'زرقان', 'Zarghan', '29.76307670', '52.67474350', 1),
(726, 17, 247, 'شهرصدرا', 'Sadra', '29.80475780', '52.45825710', 1),
(727, 17, 247, 'شیراز', 'Shiraz', '29.66550160', '52.39293040', 1),
(728, 17, 247, 'لپویی', 'Lapouyee', '29.79964990', '52.64236450', 1),
(729, 17, 248, 'دهرم', 'Dehram', '28.49124870', '52.29977130', 1),
(730, 17, 248, 'فراشبند', 'Farashband', '28.85052890', '52.06103260', 1),
(731, 17, 248, 'نوجین', 'Nowjein', '29.11848470', '51.98232590', 1),
(732, 17, 249, 'زاهدشهر', 'Zahedshahr', '28.75180650', '53.78289130', 1),
(733, 17, 249, 'ششده', 'Sheshdeh', '28.91250530', '53.99227100', 1),
(734, 17, 249, 'فسا', 'Fasa', '28.94873550', '53.59920430', 1);
INSERT INTO `cities` (`id`, `province_id`, `county_id`, `name`, `en_name`, `latitude`, `longitude`, `approved`) VALUES
(735, 17, 249, 'قره بلاغ', 'Ghare Bolagh', '28.92810000', '54.05090000', 1),
(736, 17, 249, 'میانشهر', 'Miyanshahr', '28.71017970', '53.85154720', 1),
(737, 17, 249, 'نوبندگان', 'No Bandegan', '28.85591230', '53.81496180', 1),
(738, 17, 250, 'فیروزآباد', 'Firuzabad', '28.84481480', '52.52845030', 1),
(739, 17, 250, 'میمند', 'Meymand', '28.86776870', '52.73594130', 1),
(740, 17, 251, 'افزر', 'Efzar', '28.34636970', '52.96109670', 1),
(741, 17, 251, 'امام شهر', 'Emam Shahr', '28.44682660', '53.14627650', 1),
(742, 17, 251, 'قیر', 'Ghirokarzin', '28.33638090', '52.66841600', 1),
(743, 17, 251, 'کارزین (فتح آباد)', 'Karzin', '28.43324410', '53.12390410', 1),
(744, 17, 251, 'مبارک آباددیز', 'Mobarakabad', '28.35972200', '53.32833300', 1),
(745, 17, 252, 'بالاده', 'Baladeh ', '29.28302900', '51.92782400', 1),
(746, 17, 252, 'خشت', 'Khesht', '27.23347270', '53.43067650', 1),
(747, 17, 252, 'قایمیه', 'Qaemyeh', '29.85091920', '51.57323570', 1),
(748, 17, 252, 'کازرون', 'City Kazeroon', '29.62712330', '51.64962760', 1),
(749, 17, 252, 'کنارتخته', 'Konartakhteh', '29.52510620', '51.37342200', 1),
(750, 17, 252, 'نودان', 'Nowdan', '29.80119540', '51.68421500', 1),
(751, 17, 253, 'کوار', 'Kavar', '29.21182160', '52.65026020', 1),
(752, 17, 254, 'گراش', 'Gerash', '27.67498060', '54.07586310', 1),
(753, 17, 255, 'اوز', 'Evaz', '27.76295710', '53.97943440', 1),
(754, 17, 255, 'بنارویه', 'Banaruyeh', '28.08653670', '54.03974940', 1),
(755, 17, 255, 'بیرم', 'Beyram', '27.43173640', '53.50586420', 1),
(756, 17, 255, 'جویم', 'Juyom', '28.25891410', '53.96016580', 1),
(757, 17, 255, 'خور', 'Khour', '27.64191680', '54.33750230', 1),
(758, 17, 255, 'عمادده', 'Emad Deh', '27.44620970', '53.85212660', 1),
(759, 17, 255, 'لار', 'Lar', '27.66873030', '54.24684520', 1),
(760, 17, 255, 'لطیفی', 'Latifi', '27.69024090', '54.37713040', 1),
(761, 17, 256, 'اشکنان', 'Ashkanan', '27.23524440', '53.58667360', 1),
(762, 17, 256, 'اهل', 'Ahel', '27.21120460', '53.65720510', 1),
(763, 17, 256, 'علامرودشت', 'Alamarvdasht', '27.62517770', '52.99113750', 1),
(764, 17, 256, 'لامرد', 'Lamerd', '27.34138050', '53.15432240', 1),
(765, 17, 257, 'خانیمن', 'Khaniman', '30.34916700', '52.24166700', 1),
(766, 17, 257, 'رامجرد', 'Koushkak', '30.07373620', '52.58820540', 1),
(767, 17, 257, 'سیدان', 'Seyedan', '30.00424490', '53.00122260', 1),
(768, 17, 257, 'کامفیروز', 'Kamfiruz', '30.32309970', '52.18398570', 1),
(769, 17, 257, 'مرودشت', 'Marvdasht', '29.89027800', '52.78295460', 1),
(770, 17, 258, 'بابامنیر', 'Baba Monir', '30.07159140', '51.20029090', 1),
(771, 17, 258, 'خومه زار', 'Khoome Zar', '30.00924290', '51.56660550', 1),
(772, 17, 258, 'نورآباد', 'Nourabad', '30.11349310', '51.50369100', 1),
(773, 17, 259, 'اسیر', 'Asir', '27.72481010', '52.66111850', 1),
(774, 17, 259, 'خوزی', 'Khoozi', '27.44610520', '52.96075340', 1),
(775, 17, 259, 'گله دار', 'Galehdar', '27.65744580', '52.62983260', 1),
(776, 17, 259, 'مهر', 'Mohr', '27.55165440', '52.87217620', 1),
(777, 17, 259, 'وراوی', 'Varavi', '27.46528850', '53.04411650', 1),
(778, 17, 260, 'آباده طشک', 'Abadeh Tashk', '29.80720880', '53.72005450', 1),
(779, 17, 260, 'قطرویه', 'Qatruyeh', '29.14584570', '54.69936130', 1),
(780, 17, 260, 'مشکان', 'Meshkan', '29.47403030', '54.32865840', 1),
(781, 17, 260, 'نی ریز', 'Neyriz', '29.19041050', '54.28615020', 1),
(782, 18, 261, 'آبیک', 'Abyek', '36.04711650', '50.51818350', 1),
(783, 18, 261, 'خاکعلی', 'Khakali', '36.12998890', '50.16708250', 1),
(784, 18, 262, 'آبگرم', 'Abgarm', '35.75687280', '49.27735090', 1),
(785, 18, 262, 'آوج', 'Avaj', '35.57771830', '49.21200160', 1),
(786, 18, 263, 'الوند', 'Alvand', '36.18772950', '50.04088980', 1),
(787, 18, 263, 'بیدستان', 'Bidestan', '36.23084220', '50.11218300', 1),
(788, 18, 263, 'شریفیه', 'Sharif Abad', '36.21499430', '50.14273880', 1),
(789, 18, 263, 'محمدیه', 'Mohammadiyeh ', '36.22255030', '50.17574060', 1),
(790, 18, 264, 'ارداق', 'Ardagh', '36.05144880', '49.81499430', 1),
(791, 18, 264, 'بویین زهرا', 'Buin Zahra', '35.76549910', '50.04231670', 1),
(792, 18, 264, 'دانسفهان', 'Danesfahan', '35.81572280', '49.72441600', 1),
(793, 18, 264, 'سگزآباد', 'Sagz Abad', '35.76612540', '49.91882790', 1),
(794, 18, 264, 'شال', 'Shal', '35.89536650', '49.75102890', 1),
(795, 18, 265, 'اسفرورین', 'Esfarvarin', '35.93684050', '49.74017140', 1),
(796, 18, 265, 'تاکستان', 'Takestan', '36.07076890', '49.66090630', 1),
(797, 18, 265, 'خرمدشت', 'Khorramdasht', '35.92802320', '49.50336460', 1),
(798, 18, 265, 'ضیاڈآباد', 'Ziaabad', '35.99333300', '49.44777800', 1),
(799, 18, 265, 'نرجه', 'Narjeh', '35.99594070', '49.61054550', 1),
(800, 18, 266, 'اقبالیه', 'Eqbaliyeh', '36.22817470', '49.90673640', 1),
(801, 18, 266, 'رازمیان', 'Razmian', '36.54202690', '50.19838920', 1),
(802, 18, 266, 'سیردان', 'Sirdan', '36.64732350', '49.18877350', 1),
(803, 18, 266, 'قزوین', 'Qazvin', '36.28119970', '49.94664560', 1),
(804, 18, 266, 'کوهین', 'Kouhin', '36.37223830', '49.64941610', 1),
(805, 18, 266, 'محمودآبادنمونه', 'Mahmood Abad nemooneh', '36.29230710', '49.88979310', 1),
(806, 18, 266, 'معلم کلایه', 'Moallem Kelayeh', '36.44809600', '50.46780100', 1),
(807, 19, 267, 'جعفریه', 'Jafarie', '34.77450740', '50.50651060', 1),
(808, 19, 267, 'دستجرد', 'Dastjerd', '34.55380730', '50.23906220', 1),
(809, 19, 267, 'سلفچگان', 'Salafchegan', '34.47660600', '50.45501230', 1),
(810, 19, 267, 'قم', 'Qom', '34.68878450', '50.71197920', 1),
(811, 19, 267, 'قنوات', 'Qanavat', '34.61233580', '51.01366270', 1),
(812, 19, 267, 'کهک', 'Kahak', '34.39196580', '50.85463990', 1),
(813, 20, 268, 'آرمرده', 'Armardeh', '35.93224610', '45.79138040', 1),
(814, 20, 268, 'بانه', 'Baneh', '35.99451430', '45.87030150', 1),
(815, 20, 268, 'بویین سفلی', 'Boeen-e-Sofla', '35.93821400', '45.93237870', 1),
(816, 20, 268, 'کانی سور', 'Kani Sur', '36.21481320', '46.81190730', 1),
(817, 20, 269, 'بابارشانی', 'Babarashani', '35.67817150', '47.79385330', 1),
(818, 20, 269, 'بیجار', 'Bijar', '35.87277370', '47.58062820', 1),
(819, 20, 269, 'پیرتاج', 'Pir Taj', '35.77629810', '48.11167520', 1),
(820, 20, 269, 'توپ آغاج', 'Tup Aghaj', '36.04829630', '47.81754160', 1),
(821, 20, 269, 'یاسوکند', 'Hasanabad Yasukand', '36.28383610', '47.73750810', 1),
(822, 20, 270, 'بلبان آباد', 'Bolbanabad ', '35.13864820', '47.30808610', 1),
(823, 20, 270, 'دهگلان', 'Dehgolan', '35.27980040', '47.41116640', 1),
(824, 20, 271, 'دیواندره', 'Divandarreh', '35.91590130', '47.00809460', 1),
(825, 20, 271, 'زرینه', 'Zarrineh ', '36.06053080', '46.91183560', 1),
(826, 20, 272, 'اورامان تخت', 'Uraman Takht', '35.25282120', '46.25915770', 1),
(827, 20, 272, 'سروآباد', 'Sarvabad', '35.30955630', '46.35754110', 1),
(828, 20, 273, 'سقز', 'Saqqez', '36.24118260', '46.24295650', 1),
(829, 20, 273, 'صاحب', 'Saheb', '36.20290110', '46.45328510', 1),
(830, 20, 274, 'سنندج', 'Sanandaj', '35.28996860', '46.93934200', 1),
(831, 20, 274, 'شویشه', 'Shuyesheh', '35.35699600', '46.67322630', 1),
(832, 20, 275, 'دزج', 'Dezej', '35.06467320', '47.95909890', 1),
(833, 20, 275, 'دلبران', 'Delbaran', '35.23720820', '47.97538320', 1),
(834, 20, 275, 'سریش آباد', 'Serish Abad', '35.24963130', '47.76967040', 1),
(835, 20, 275, 'قروه', 'Qorveh', '35.16587540', '47.79007660', 1),
(836, 20, 276, 'کامیاران', 'Kamyaran', '34.79666550', '46.92290770', 1),
(837, 20, 276, 'موچش', 'Muchesh', '35.05822680', '47.14611050', 1),
(838, 20, 277, 'برده رشه', 'Bardeh Rasheh', '35.59324210', '46.08397320', 1),
(839, 20, 277, 'چناره', 'Chnare', '35.63244780', '46.30428320', 1),
(840, 20, 277, 'کانی دینار', 'Kani Dinar', '35.46323020', '46.20749840', 1),
(841, 20, 277, 'مریوان', 'Marivan', '35.51682810', '46.16090280', 1),
(842, 21, 278, 'ارزوییه', 'Orzueeyeh', '28.45839080', '56.35321770', 1),
(843, 21, 279, 'امین شهر', 'Aminshahr ', '30.84221360', '55.33205130', 1),
(844, 21, 279, 'انار', 'Anar ', '30.86568490', '55.25728220', 1),
(845, 21, 280, 'بافت', 'Baft', '29.23087260', '56.57920540', 1),
(846, 21, 280, 'بزنجان', 'Bezanjan', '29.24761330', '56.68898110', 1),
(847, 21, 281, 'بردسیر', 'Bardsir', '29.92599380', '56.53491440', 1),
(848, 21, 281, 'دشتکار', 'Dashtkar', '29.90690010', '56.65785420', 1),
(849, 21, 281, 'گلزار', 'Golzar', '29.70544120', '57.02460030', 1),
(850, 21, 281, 'لاله زار', 'Laleh zaar', '29.52051620', '56.80753450', 1),
(851, 21, 281, 'نگار', 'Negar', '29.85702120', '56.79398410', 1),
(852, 21, 282, 'بروات', 'Baravat', '29.06156180', '58.38503770', 1),
(853, 21, 282, 'بم', 'Bam', '29.10232890', '58.31135210', 1),
(854, 21, 283, 'بلوک', 'Boluk', '28.23060410', '57.50465150', 1),
(855, 21, 283, 'جبالبارز', 'Jebalbarez', '28.90703670', '57.88232800', 1),
(856, 21, 283, 'جیرفت', 'Jiroft', '28.69194930', '57.64691340', 1),
(857, 21, 283, 'درب بهشت', 'Darb-e Behesht', '29.23461930', '57.33000760', 1),
(858, 21, 284, 'رابر', 'Rābor', '29.29081380', '56.89978100', 1),
(859, 21, 284, 'هنزا', 'Hanza', '29.29845610', '57.17977030', 1),
(860, 21, 285, 'راور', 'Ravar', '31.26921640', '56.76970420', 1),
(861, 21, 285, 'هجدک', 'Hojedk', '30.75808180', '56.98747860', 1),
(862, 21, 286, 'بهرمان', 'Bahreman', '30.90036410', '55.71686260', 1),
(863, 21, 286, 'رفسنجان', 'Rafsanjan', '30.36719610', '55.92132580', 1),
(864, 21, 286, 'صفاییه', 'Safaiyeh', '30.82808130', '55.80301480', 1),
(865, 21, 286, 'کشکوییه', 'Koshkuiyeh', '30.52904570', '55.63227370', 1),
(866, 21, 286, 'مس سرچشمه', 'Shahrak Mes Sarcheshmeh', '30.00024680', '55.77831730', 1),
(867, 21, 287, 'رودبار', 'Rudbar', '27.57511300', '58.93533200', 1),
(868, 21, 287, 'زهکلوت', 'Zeh-e Kalut', '27.79250000', '58.58694400', 1),
(869, 21, 288, 'گنبکی', 'Gonbaki', '28.71475080', '58.84328830', 1),
(870, 21, 288, 'محمدآباد', 'Mohammadabad', '28.62839590', '59.11886930', 1),
(871, 21, 289, 'خانوک', 'Khanook', '30.71558630', '56.75333240', 1),
(872, 21, 289, 'ریحان', 'Reyhan', '30.73485380', '56.68739260', 1),
(873, 21, 289, 'زرند', 'Zarand', '30.81357630', '56.54560020', 1),
(874, 21, 289, 'یزدان شهر', 'Yazdan Shahr', '30.86833240', '56.33342680', 1),
(875, 21, 290, 'بلورد', 'Balvard', '29.42318820', '56.03645320', 1),
(876, 21, 290, 'پاریز', 'Pariz', '29.87880940', '55.72693730', 1),
(877, 21, 290, 'خواجو شهر', 'Khajoo Shahr', '29.27247370', '55.82664020', 1),
(878, 21, 290, 'زیدآباد', 'Zeydabad', '29.60092330', '55.52683340', 1),
(879, 21, 290, 'سیرجان', 'Sirjan', '29.48542650', '55.59337680', 1),
(880, 21, 290, 'نجف شهر', 'Najaf Shahr', '29.39739100', '55.70182060', 1),
(881, 21, 290, 'هماشهر', 'Homashahr', '29.64449710', '55.80265050', 1),
(882, 21, 291, 'جوزم', 'Jowzam', '30.51302580', '55.02259970', 1),
(883, 21, 291, 'خاتون اباد', 'KhatonAbad', '30.00947510', '55.41270020', 1),
(884, 21, 291, 'خورسند', 'Khursand', '30.15484910', '55.07781030', 1),
(885, 21, 291, 'دهج', 'Dehaj', '30.69372360', '54.86387720', 1),
(886, 21, 291, 'شهربابک', 'Shahrbabak', '30.11976770', '55.09231510', 1),
(887, 21, 292, 'دوساری', 'Dow Sari', '28.42500000', '57.94250000', 1),
(888, 21, 292, 'عنبرآباد', 'Anbarabad', '28.47785580', '57.82434920', 1),
(889, 21, 292, 'مردهک', 'Mardehak', '28.35363910', '58.14999100', 1),
(890, 21, 293, 'فاریاب', 'Faryab', '28.09095550', '57.20915770', 1),
(891, 21, 294, 'فهرج', 'Fahraj', '28.94585560', '58.87598980', 1),
(892, 21, 295, 'قلعه گنج', 'Ghalehganj', '27.52440690', '57.85301680', 1),
(893, 21, 296, 'اختیارآباد', 'Ekhteyarabad', '30.32721010', '56.90308550', 1),
(894, 21, 296, 'اندوهجرد', 'Andouhjerd', '30.23285440', '57.73551450', 1),
(895, 21, 296, 'باغین', 'Bagheyn', '30.18547660', '56.80399410', 1),
(896, 21, 296, 'جوپار', 'Joupar', '30.05605440', '57.09809280', 1),
(897, 21, 296, 'چترود', 'Chatroud', '30.60212460', '56.90428730', 1),
(898, 21, 296, 'راین', 'Rayen', '29.59267390', '57.42716770', 1),
(899, 21, 296, 'زنگی آباد', 'Zangiabad', '30.40467220', '56.89778550', 1),
(900, 21, 296, 'شهداد', 'Shahdad', '30.42195570', '57.69062500', 1),
(901, 21, 296, 'کاظم آباد', 'Kazem Abad', '30.56691630', '56.83686730', 1),
(902, 21, 296, 'کرمان', 'Kerman', '30.27303230', '56.99620960', 1),
(903, 21, 296, 'گلباف', 'Golbāf', '29.88492820', '57.71448600', 1),
(904, 21, 296, 'ماهان', 'Mahan', '30.06414420', '57.25602090', 1),
(905, 21, 296, 'محی آباد', 'MohyAbad', '30.08404130', '57.15257410', 1),
(906, 21, 297, 'کوهبنان', 'Kuhbanan ', '31.40981600', '56.28215900', 1),
(907, 21, 297, 'کیانشهر', 'Kian Shahr', '31.13444400', '56.39805600', 1),
(908, 21, 298, 'کهنوج', 'Kahnooj', '27.97934880', '57.66592480', 1),
(909, 21, 299, 'منوجان', 'Manoojan', '27.36824920', '57.20289640', 1),
(910, 21, 299, 'نودژ', 'Nodej', '27.53194030', '57.44420510', 1),
(911, 21, 300, 'نرماشیر', 'Narmashir', '28.95310380', '58.68991970', 1),
(912, 21, 300, 'نظام شهر', 'Nezamshahr', '28.91611100', '58.55027800', 1),
(913, 22, 301, 'اسلام آبادغرب', 'Eslamabad-e-Gharb', '34.11009240', '46.49572790', 1),
(914, 22, 301, 'حمیل', 'Hamil', '33.93732470', '46.76577320', 1),
(915, 22, 302, 'بانوره', 'Banevreh', '34.96917880', '46.35028830', 1),
(916, 22, 302, 'باینگان', 'Bayangan', '34.98088040', '46.26785870', 1),
(917, 22, 302, 'پاوه', 'Paveh', '35.04541920', '46.34376500', 1),
(918, 22, 302, 'نودشه', 'Nowdeshah', '35.18205130', '46.24964120', 1),
(919, 22, 302, 'نوسود', 'Nowsud', '35.16135400', '46.20011690', 1),
(920, 22, 303, 'ازگله', 'Ezgeleh', '34.83314400', '45.83253630', 1),
(921, 22, 303, 'تازه آباد', 'azeh Abad', '34.49698980', '47.04017400', 1),
(922, 22, 304, 'جوانرود', 'Javanrud', '34.80562640', '46.47821880', 1),
(923, 22, 305, 'ریجاب', 'Rijab', '34.48030290', '46.00143560', 1),
(924, 22, 305, 'کرند', 'Kerend-e Gharb', '34.27801600', '46.22670290', 1),
(925, 22, 305, 'گهواره', 'Gahvareh', '34.34416220', '46.41101360', 1),
(926, 22, 306, 'روانسر', 'Ravansar', '34.70905390', '46.64036880', 1),
(927, 22, 306, 'شاهو', 'Mansur-e Aqai', '34.93651900', '46.45208350', 1),
(928, 22, 307, 'سرپل ذهاب', 'Sarpol Zahab', '34.45922230', '45.84577550', 1),
(929, 22, 308, 'سطر', 'Satar', '34.81151280', '47.46012210', 1),
(930, 22, 308, 'سنقر', 'Sonqor', '34.77446180', '47.56625120', 1),
(931, 22, 309, 'صحنه', 'Sahneh', '34.47931870', '47.66803610', 1),
(932, 22, 309, 'میان راهان', 'Miyan Rahan', '34.58375750', '47.44153980', 1),
(933, 22, 310, 'سومار', 'Soomar', '33.88124650', '45.63190690', 1),
(934, 22, 310, 'قصرشیرین', 'Qasr-e Shirin', '34.51672070', '45.57090270', 1),
(935, 22, 311, 'رباط', 'Robat', '34.26546230', '46.79866770', 1),
(936, 22, 311, 'کرمانشاه', 'Kermanshah', '34.33724970', '47.02583320', 1),
(937, 22, 311, 'کوزران', 'Kuzaran', '34.49665360', '46.59675130', 1),
(938, 22, 311, 'هلشی', 'Halashi', '34.10985920', '47.08711270', 1),
(939, 22, 312, 'کنگاور', 'Kangavar', '34.50170840', '47.94414260', 1),
(940, 22, 312, 'گودین', 'Gowdin', '34.50788250', '48.07484150', 1),
(941, 22, 313, 'سرمست', 'Srmast', '34.50537190', '47.83984780', 1),
(942, 22, 313, 'گیلانغرب', 'Gilan Gharb', '34.13989520', '45.91493370', 1),
(943, 22, 314, 'بیستون', 'Bisotun', '34.39705640', '47.43759150', 1),
(944, 22, 314, 'هرسین', 'Harsin', '34.27083380', '47.56954260', 1),
(945, 23, 315, 'باشت', 'Basht', '30.36208100', '51.15127080', 1),
(946, 23, 316, 'چیتاب', 'Chitab', '30.79500000', '51.32555600', 1),
(947, 23, 316, 'گراب سفلی', 'Garab-e Sofla', '30.94722200', '50.88777800', 1),
(948, 23, 316, 'مادوان', 'Madavan', '30.71844720', '51.53613560', 1),
(949, 23, 316, 'مارگون', 'Margoon', '30.99314390', '51.06901290', 1),
(950, 23, 316, 'یاسوج', 'Yasuj', '30.68669560', '51.49643320', 1),
(951, 23, 317, 'لیکک', 'Likak', '30.89500000', '50.09305600', 1),
(952, 23, 318, 'چرام', 'Choram', '30.75374640', '50.73295340', 1),
(953, 23, 318, 'سرفاریاب', 'sarfariyab', '30.80720400', '50.84650350', 1),
(954, 23, 319, 'پاتاوه', 'Pataveh', '30.95669820', '51.26478200', 1),
(955, 23, 319, 'سی سخت', 'Sisakht', '30.85631130', '51.43766630', 1),
(956, 23, 320, 'دهدشت', 'Dehdasht', '30.78881430', '50.54749170', 1),
(957, 23, 320, 'دیشموک', 'Dishmok', '31.29920680', '50.39264550', 1),
(958, 23, 320, 'سوق', 'Suq', '30.85902050', '50.45108550', 1),
(959, 23, 320, 'قلعه رییسی', 'Qaleh Raisi', '31.19000000', '50.44194400', 1),
(960, 23, 321, 'دوگنبدان', 'Dogonbadan', '30.35412730', '50.75786540', 1),
(961, 23, 322, 'لنده', 'Lendeh', '30.97781800', '50.40324550', 1),
(962, 24, 323, 'آزادشهر', 'Azadshahr', '37.08773700', '55.15544390', 1),
(963, 24, 323, 'نگین شهر', 'Neginshahr', '37.13936470', '55.15758990', 1),
(964, 24, 323, 'نوده خاندوز', 'Nowdeh Khanduz', '37.07449880', '55.25308730', 1),
(965, 24, 324, 'آق قلا', 'Aq Qala', '37.01204170', '54.44060310', 1),
(966, 24, 324, 'انبارالوم', 'Anbar Olum', '37.13300090', '54.61230750', 1),
(967, 24, 325, 'بندرگز', 'Bandar-e Gaz', '36.77416700', '53.94805600', 1),
(968, 24, 325, 'نوکنده', 'Nowkandeh', '36.74051840', '53.88399070', 1),
(969, 24, 326, 'بندرتركمن', 'Bandar Torkaman', '36.90507650', '54.03526730', 1),
(970, 24, 327, 'تاتار علیا', 'Tatar Olia', '37.11100750', '55.04270560', 1),
(971, 24, 327, 'خان ببین', 'Khānbebin', '37.00947410', '54.97964140', 1),
(972, 24, 327, 'دلند', 'Daland', '37.03465860', '55.03712660', 1),
(973, 24, 327, 'رامیان', 'Ramian', '37.01793650', '55.12475950', 1),
(974, 24, 328, 'سنگدوین', 'Sangdevin', '36.99793400', '54.85263350', 1),
(975, 24, 328, 'علي آباد كتول', 'Aliabad-e-Katul', '36.91016390', '54.83907210', 1),
(976, 24, 328, 'فاضل آباد', 'Fazelabad', '36.89410210', '54.73096840', 1),
(977, 24, 328, 'مزرعه', 'Mazraeh', '36.95386110', '54.85471500', 1),
(978, 24, 329, 'کردکوی', 'Kordkuy', '36.79071860', '54.08895490', 1),
(979, 24, 330, 'فراغی', 'Faraqi', '37.26035860', '55.16635490', 1),
(980, 24, 330, 'کلاله', 'Kalaleh', '37.37818460', '55.48038640', 1),
(981, 24, 331, 'گالیکش', 'Galikesh', '37.27148880', '55.41242110', 1),
(982, 24, 332, 'جلین', 'Jelin', '36.85127690', '54.52793600', 1),
(983, 24, 332, 'سرخنکلاته', 'Sarkhon Kalateh', '36.89138900', '54.56916700', 1),
(984, 24, 332, 'گرگان', 'Gorgan', '36.85041930', '54.36802300', 1),
(985, 24, 333, 'سیمین شهر', 'Siminshahr', '37.01276160', '54.21581250', 1),
(986, 24, 333, 'گمیش تپه', 'Gomish Tepe', '37.07166700', '54.07666700', 1),
(987, 24, 334, 'اینچه برون', 'Incheboron', '37.45422400', '54.71541160', 1),
(988, 24, 334, 'گنبدکاووس', 'Gonbad Kavus', '37.24385140', '55.12445700', 1),
(989, 24, 335, 'مراوه', 'Maraveh', '37.90416700', '55.95583300', 1),
(990, 24, 336, 'مینودشت', 'Minudasht', '37.22713100', '55.35491450', 1),
(991, 25, 337, 'آستارا', 'Astara', '38.42378790', '48.81787720', 1),
(992, 25, 337, 'لوندویل', 'Lavandvil', '38.30771640', '48.84607290', 1),
(993, 25, 338, 'آستانه اشرفیه', 'Astaneh-ye Ashrafiyeh', '37.26507030', '49.91960360', 1),
(994, 25, 338, 'کیاشهر', 'Kiashahr', '37.41682790', '49.92925590', 1),
(995, 25, 339, 'املش', 'Amlash', '37.09246800', '50.17314410', 1),
(996, 25, 339, 'رانکوه', 'Ranekouh', '37.05229690', '50.21790480', 1),
(997, 25, 340, 'بندرانزلی', 'Bandar Anzali', '37.47444270', '49.41493690', 1),
(998, 25, 341, 'خشکبیجار', 'Khoshkebijar', '37.37479300', '49.73922700', 1),
(999, 25, 341, 'خمام', 'Khomam', '37.38749490', '49.63949190', 1),
(1000, 25, 341, 'رشت', 'Rasht', '37.24423260', '49.51632260', 1),
(1001, 25, 341, 'سنگر', 'Sangar', '37.17965610', '49.68532780', 1),
(1002, 25, 341, 'کوچصفهان', 'Kuchesfahan', '37.27838040', '49.76859950', 1),
(1003, 25, 341, 'لشت نشاء', 'Lasht-e Nesha', '37.36018660', '49.84508860', 1),
(1004, 25, 341, 'لولمان', 'Louleman', '37.25747920', '49.80743050', 1),
(1005, 25, 342, 'پره سر', 'Paresar', '37.60172960', '49.06391210', 1),
(1006, 25, 342, 'رضوانشهر', 'Rezvanshahr', '37.56205280', '49.12607380', 1),
(1007, 25, 343, 'بره سر', 'Barehsar', '36.77599100', '49.74575040', 1),
(1008, 25, 343, 'توتکابن', 'Tutkabon', '36.89090440', '49.52147480', 1),
(1009, 25, 343, 'جیرنده', 'Jirindih', '36.70054440', '49.78016850', 1),
(1010, 25, 343, 'رستم آباد', 'Rostamabad', '36.89948990', '49.47362410', 1),
(1011, 25, 343, 'رودبار', 'Rudbar', '36.81367160', '49.38912330', 1),
(1012, 25, 343, 'لوشان', 'Lowshan', '36.63216940', '49.49772640', 1),
(1013, 25, 343, 'منجیل', 'Manjil', '36.73708440', '49.39127490', 1),
(1014, 25, 344, 'چابکسر', 'Chaboksar', '36.97505830', '50.54664930', 1),
(1015, 25, 344, 'رحیم آباد', 'Rahimabad', '37.02874220', '50.32571940', 1),
(1016, 25, 344, 'رودسر', 'Rudsar', '37.13858810', '50.26688520', 1),
(1017, 25, 344, 'کلاچای', 'Kelachay', '37.07707330', '50.38030730', 1),
(1018, 25, 344, 'واجارگاه', 'Vajargah', '37.04083300', '50.40861100', 1),
(1019, 25, 345, 'دیلمان', 'Deylaman', '36.88609010', '49.90029930', 1),
(1020, 25, 345, 'سیاهکل', 'Siahkal', '37.15141410', '49.84181590', 1),
(1021, 25, 346, 'احمدسرگوراب', 'Ahmadsargurab', '37.12805600', '49.36666700', 1),
(1022, 25, 346, 'شفت', 'Shaft', '37.06483110', '49.17771370', 1),
(1023, 25, 347, 'صومعه سرا', 'Someh Sara', '37.30245890', '49.30286820', 1),
(1024, 25, 347, 'گوراب زرمیخ', 'Gurab Zarmikh', '37.29829280', '49.20505980', 1),
(1025, 25, 347, 'مرجقل', 'Marjaghal', '37.27555600', '49.36277800', 1),
(1026, 25, 348, 'اسالم', 'Asalem', '37.72003980', '48.92658170', 1),
(1027, 25, 348, 'چوبر', 'Choobar', '38.18351690', '48.87027790', 1),
(1028, 25, 348, 'حویق', 'Haviq', '38.14750000', '48.89222200', 1),
(1029, 25, 348, 'لیسار', 'Lisar', '37.95806970', '48.88967500', 1),
(1030, 25, 348, 'هشتپر (تالش)', 'Talesh', '37.80885130', '48.86954730', 1),
(1031, 25, 349, 'فومن', 'Fuman', '37.22937060', '49.29354140', 1),
(1032, 25, 349, 'ماسوله', 'Masuleh', '37.15699680', '48.97589190', 1),
(1033, 25, 349, 'ماکلوان', 'Maklavan', '37.19555600', '49.19861100', 1),
(1034, 25, 350, 'رودبنه', 'Rod Baneh', '37.25551520', '50.00032430', 1),
(1035, 25, 350, 'لاهیجان', 'Lahijan', '37.20875430', '49.97994160', 1),
(1036, 25, 350, 'اطاقور', 'Otaghvar', '37.10889440', '50.11271960', 1),
(1037, 25, 351, 'چاف و چمخاله', 'Chaf and Chamkhaleh', '37.22944400', '50.25388900', 1),
(1038, 25, 351, 'شلمان', 'Shalman', '37.15916990', '50.20692950', 1),
(1039, 25, 351, 'کومله', 'Kumeleh', '37.15277800', '50.17694400', 1),
(1040, 25, 351, 'لنگرود', 'Langarud', '37.19100280', '50.13709520', 1),
(1041, 25, 352, 'بازار جمعه', 'Bazar Jomeh', '37.27945660', '49.37436040', 1),
(1042, 25, 352, 'ماسال', 'Masal', '37.37981710', '49.11473480', 1),
(1043, 26, 353, 'ازنا', 'Azna', '33.45306320', '49.41435750', 1),
(1044, 26, 353, 'مومن آباد', 'Momen Abad', '33.58523350', '49.50169070', 1),
(1045, 26, 354, 'الیگودرز', 'Aligudarz', '33.39545930', '49.68276360', 1),
(1046, 26, 354, 'شول آباد', 'Shool Abad', '33.18481160', '49.18555500', 1),
(1047, 26, 355, 'اشترینان', 'Oshtorinan', '34.01542270', '48.63428580', 1),
(1048, 26, 355, 'بروجرد', 'Borujerd', '33.88794450', '48.68367910', 1),
(1049, 26, 356, 'پلدختر', 'Pol Dokhtar', '33.14617260', '47.70149940', 1),
(1050, 26, 356, 'معمولان', 'Mamulan', '33.37947580', '47.95176030', 1),
(1051, 26, 357, 'بیران شهر', 'Bayranshahr', '33.64777800', '48.55888900', 1),
(1052, 26, 357, 'خرم آباد', 'Khorramabad', '33.49109740', '48.28902950', 1),
(1053, 26, 357, 'زاغه', 'Zagheh', '33.49888900', '48.70861100', 1),
(1054, 26, 357, 'سپیددشت', 'Sepid Dasht', '33.21903120', '48.88153190', 1),
(1055, 26, 358, 'نورآباد', 'Nurabad', '34.06655210', '47.93512990', 1),
(1056, 26, 358, 'هفت چشمه', 'Haft Cheshmeh', '34.20727710', '47.76102300', 1),
(1057, 26, 359, 'چالانچولان', 'Chalan Chulan', '33.66517450', '48.89954560', 1),
(1058, 26, 359, 'دورود', 'Dorud', '33.49215260', '49.02520120', 1),
(1059, 26, 360, 'سراب دوره', 'Sarab-e Dowreh', '33.56388900', '48.02222200', 1),
(1060, 26, 360, 'ویسیان', 'Veysian', '33.49083300', '48.04916700', 1),
(1061, 26, 361, 'چقابل', 'Chaqabol', '33.28083300', '47.50888900', 1),
(1062, 26, 362, 'الشتر', 'Aleshtar', '33.86684970', '48.24379900', 1),
(1063, 26, 362, 'فیروزآباد', 'Firouz Abad', '33.89859610', '48.09895990', 1),
(1064, 26, 363, 'درب گنبد', 'Darb Gonbad', '33.68929030', '47.14619640', 1),
(1065, 26, 363, 'کوهدشت', 'Kuhdasht', '33.53133990', '47.59277330', 1),
(1066, 26, 363, 'کوهنانی', 'Kunani', '33.40296240', '47.31635560', 1),
(1067, 26, 363, 'گراب', 'Garab', '33.48518270', '48.48797680', 1),
(1068, 27, 364, 'آمل', 'Amol', '36.46607750', '52.32350300', 1),
(1069, 27, 364, 'امامزاده عبدالله', 'Emamzade Abdollah', '36.40886250', '52.30067250', 1),
(1070, 27, 364, 'دابودشت', 'Dabudasht', '36.48444400', '52.45166700', 1),
(1071, 27, 364, 'رینه', 'Rineh', '35.88149570', '52.16006610', 1),
(1072, 27, 364, 'گزنک', 'Gazanak', '35.90314800', '52.21809470', 1),
(1073, 27, 365, 'امیرکلا', 'Amir Kala', '36.59866300', '52.65631190', 1),
(1074, 27, 365, 'بابل', 'Babol', '36.53844990', '52.64155360', 1),
(1075, 27, 365, 'خوش رودپی', 'Khoshroud Pey', '36.37200490', '52.55749930', 1),
(1076, 27, 365, 'زرگرمحله', 'Zargarmahalleh', '36.52138900', '52.57555600', 1),
(1077, 27, 365, 'گتاب', 'Gatab', '36.42989710', '52.64785760', 1),
(1078, 27, 365, 'گلوگاه', 'Galugah', '36.72793590', '53.80219260', 1),
(1079, 27, 365, 'مرزیکلا', 'Marzikola', '36.36002270', '52.73004060', 1),
(1080, 27, 366, 'بابلسر', 'Babolsar', '36.69780510', '52.62796930', 1),
(1081, 27, 366, 'بهنمیر', 'Bahnamir', '36.67194440', '52.74325830', 1),
(1082, 27, 366, 'کله بست', 'Kalleh Bast', '36.64199270', '52.61046750', 1),
(1083, 27, 367, 'بهشهر', 'Behshahr', '36.69109230', '53.49981250', 1),
(1084, 27, 367, 'خلیل شهر', 'Khalil Shahr', '36.69891840', '53.62323740', 1),
(1085, 27, 367, 'رستمکلا', 'Rostam kola', '36.68009760', '53.39818930', 1),
(1086, 27, 368, 'تنکابن', 'Tonekabon', '36.81609230', '50.84208670', 1),
(1087, 27, 368, 'خرم آباد', 'Khorramabad', '36.78182580', '50.86045490', 1),
(1088, 27, 368, 'شیرود', 'Shirud', '36.85088800', '50.80323940', 1),
(1089, 27, 368, 'نشتارود', 'Nashtarud', '36.74781580', '51.01041190', 1),
(1090, 27, 369, 'جویبار', 'Juybar', '36.64279990', '52.88316240', 1),
(1091, 27, 369, 'کوهی خیل', 'Kuhi Khil', '36.68877660', '52.89846190', 1),
(1092, 27, 370, 'چالوس', 'Chalus', '36.65616200', '51.38758370', 1),
(1093, 27, 370, 'مرزن آباد', 'Marzanabad', '36.45283790', '51.28507020', 1),
(1094, 27, 370, 'هچیرود', 'Hachiroud', '36.68229130', '51.34065050', 1),
(1095, 27, 371, 'رامسر', 'Ramsar', '36.92914060', '50.60197540', 1),
(1096, 27, 371, 'کتالم و سادات شهر', 'Ketalem and Sadat Shahr', '36.87656180', '50.70739730', 1),
(1097, 27, 372, 'پایین هولار', 'Paein Hoular', '36.42892620', '53.13108150', 1),
(1098, 27, 372, 'ساری', 'Sari', '36.55598260', '53.03742940', 1),
(1099, 27, 372, 'فریم', 'Farim', '36.62361100', '52.54194400', 1),
(1100, 27, 372, 'کیاسر', 'Kiasar', '36.24016620', '53.53250060', 1),
(1101, 27, 373, 'آلاشت', 'Alasht', '36.06550040', '52.83250090', 1),
(1102, 27, 373, 'پل سفید', 'Pol Sefid', '36.11532040', '53.01140370', 1),
(1103, 27, 373, 'زیرآب', 'Zirab', '36.18055860', '52.95358650', 1),
(1104, 27, 374, 'شیرگاه', 'Shirgah', '36.29749850', '52.86569940', 1),
(1105, 27, 375, 'کیاکلا', 'Kia Kola', '36.58337860', '52.79896250', 1),
(1106, 27, 376, 'سلمان شهر', 'Salman Shahr', '36.70064750', '51.19075290', 1),
(1107, 27, 376, 'عباس اباد', 'Abbasabad', '36.72458210', '51.09663950', 1),
(1108, 27, 376, 'کلارآباد', 'Kelarabad', '36.68741450', '51.23060710', 1),
(1109, 27, 377, 'فریدونکنار', 'Fereydunkenar', '36.68627890', '52.50735260', 1),
(1110, 27, 378, 'ارطه', 'Arateh', '36.49486060', '52.92620640', 1),
(1111, 27, 378, 'قایم شهر', 'Qaemshahr', '36.46202810', '52.83104130', 1),
(1112, 27, 379, 'کلاردشت', 'Kelardasht', '36.49314010', '51.11897660', 1),
(1113, 27, 380, 'گلوگاه', 'Galugah', '36.72793590', '53.80219260', 1),
(1114, 27, 381, 'سرخرود', 'Sorkh Roud', '36.66915810', '52.44252880', 1),
(1115, 27, 381, 'محمودآباد', 'Mahmudabad', '36.62810130', '52.23996060', 1),
(1116, 27, 382, 'سورک', 'Surak', '36.59687210', '53.20168030', 1),
(1117, 27, 383, 'نکا', 'Neka', '36.64779280', '53.27055910', 1),
(1118, 27, 384, 'ایزدشهر', 'Izadshahr', '36.59444940', '52.11988020', 1),
(1119, 27, 384, 'بلده', 'Baladeh', '36.19892280', '51.79765630', 1),
(1120, 27, 384, 'چمستان', 'Chamestan', '36.47860630', '52.10897640', 1),
(1121, 27, 384, 'رویان', 'Royan', '36.56735610', '51.95396250', 1),
(1122, 27, 384, 'نور', 'Nur', '36.57424760', '52.01171260', 1),
(1123, 27, 385, 'پول', 'Pul', '36.39800310', '51.57935130', 1),
(1124, 27, 385, 'کجور', 'Kojur', '36.38226370', '51.72398280', 1),
(1125, 27, 385, 'نوشهر', 'Nowshahr', '36.65031060', '51.46933740', 1),
(1126, 28, 386, 'آشتیان', 'Ashtian', '34.52343930', '49.98950940', 1),
(1127, 28, 387, 'اراک', 'Arak', '34.07327550', '49.65036870', 1),
(1128, 28, 387, 'داود آباد', 'Davoud Abad', '34.29521330', '49.84664440', 1),
(1129, 28, 387, 'ساروق', 'Saroogh', '34.41188360', '49.49469560', 1),
(1130, 28, 387, 'کارچان', 'Karchan', '34.09941170', '49.92860190', 1),
(1131, 28, 388, 'تفرش', 'Tafresh', '34.69597120', '50.00299550', 1),
(1132, 28, 389, 'خمین', 'Khomein', '33.63710910', '50.03426970', 1),
(1133, 28, 389, 'قورچی باشی', 'Ghurchi Bashi', '33.67539870', '49.87539770', 1),
(1134, 28, 390, 'جاورسیان', 'Javarseyan', '34.25554870', '49.31822780', 1),
(1135, 28, 390, 'خنداب', 'Khondab', '34.39453120', '49.17237980', 1),
(1136, 28, 391, 'دلیجان', 'Delijan', '33.99186840', '50.66804400', 1),
(1137, 28, 391, 'نراق', 'Naragh', '34.01038960', '50.83148710', 1),
(1138, 28, 392, 'پرندک', 'Parandak', '35.36852660', '50.67722800', 1),
(1139, 28, 392, 'خشکرود', 'Khoshkrud', '35.39526200', '50.32892700', 1),
(1140, 28, 392, 'رازقان', 'Razeqan', '35.33076780', '49.95117550', 1),
(1141, 28, 392, 'زاویه', 'Zavieh', '35.37725590', '50.55088500', 1),
(1142, 28, 392, 'مامونیه', 'Mamuniyeh', '35.30405590', '50.48039670', 1),
(1143, 28, 393, 'آوه', 'Aveh', '34.80372130', '50.40720450', 1),
(1144, 28, 393, 'ساوه', 'Saveh', '35.03244310', '50.33158730', 1),
(1145, 28, 393, 'غرق آباد', 'Gharqabad', '35.10821780', '49.82183930', 1),
(1146, 28, 393, 'نوبران', 'Nowbaran', '35.13117470', '49.70070010', 1),
(1147, 28, 394, 'آستانه', 'Astaneh', '33.89083300', '49.35777800', 1),
(1148, 28, 394, 'توره', 'Tureh', '34.04440970', '49.28376670', 1),
(1149, 28, 394, 'شازند', 'Shazand', '33.93525590', '49.38822250', 1),
(1150, 28, 394, 'شهباز', 'Shahbaz', '33.93541290', '49.33569190', 1),
(1151, 28, 394, 'مهاجران', 'Mohajeran', '34.04931460', '49.41744790', 1),
(1152, 28, 394, 'هندودر', 'Hendoudar', '33.78099310', '49.22662500', 1),
(1153, 28, 395, 'خنجین', 'Khenejin', '34.75851920', '49.52237610', 1),
(1154, 28, 395, 'فرمهین', 'Farmahin', '34.50566860', '49.66970420', 1),
(1155, 28, 396, 'کمیجان', 'Komijan', '34.71307410', '49.30509560', 1),
(1156, 28, 396, 'میلاجرد', 'Milajerd', '34.62165970', '49.20046800', 1),
(1157, 28, 397, 'محلات', 'Mahalat', '33.90493140', '50.44106470', 1),
(1158, 28, 397, 'نیمور', 'Nimvar', '33.88647470', '50.56310530', 1),
(1159, 29, 398, 'ابوموسی', 'Abumusa ', '27.19805600', '54.36861100', 1),
(1160, 29, 399, 'بستک', 'Bastak', '27.19631710', '54.34254150', 1),
(1161, 29, 399, 'جناح', 'Janah', '27.02755080', '54.27128050', 1),
(1162, 29, 400, 'سردشت', 'Sardasht Bashagard', '26.45871900', '57.88425900', 1),
(1163, 29, 400, 'گوهران', 'Gouharan', '26.59615360', '57.88707010', 1),
(1164, 29, 401, 'بندرعباس', 'Bandar Abbas', '27.18986420', '56.09781180', 1),
(1165, 29, 401, 'تازیان پایین', 'Tazian', '27.29016000', '56.15210300', 1),
(1166, 29, 401, 'تخت', 'Takht', '27.50356930', '56.62731160', 1),
(1167, 29, 401, 'فین', 'Fin', '27.63285790', '55.88187210', 1),
(1168, 29, 401, 'قلعه قاضی', 'Qaleh Qazi', '27.44472200', '56.54777800', 1),
(1169, 29, 402, 'بندرلنگه', 'Bandar Lengeh', '26.56406140', '54.85581930', 1),
(1170, 29, 402, 'چارک', 'Bandar Charak', '26.73055600', '54.27472200', 1),
(1171, 29, 402, 'کنگ', 'Bandar Kong', '26.60285650', '54.92980580', 1),
(1172, 29, 402, 'کیش', 'Kish', '26.53446380', '53.93884180', 1),
(1173, 29, 402, 'لمزان', 'Lemazan', '27.05369130', '54.83641080', 1),
(1174, 29, 403, 'پارسیان', 'Parsian', '27.21671750', '53.02186470', 1),
(1175, 29, 403, 'دشتی', 'Dashti', '27.17918870', '52.99824000', 1),
(1176, 29, 403, 'کوشکنار', 'Koshkonar', '27.25012720', '52.85715580', 1),
(1177, 29, 404, 'بندرجاسک', 'Bandar-e-Jask', '25.65385140', '57.76995600', 1),
(1178, 29, 405, 'حاجی اباد', 'Haji Abad', '28.31352140', '55.89620570', 1),
(1179, 29, 405, 'سرگز', 'Sargaz', '28.42563000', '55.70177000', 1),
(1180, 29, 405, 'فارغان', 'Fareghan', '28.00785210', '56.24459260', 1),
(1181, 29, 406, 'خمیر', 'Bandar Khamir', '26.95185270', '55.57268840', 1),
(1182, 29, 406, 'رویدر', 'Ruydar', '27.46003100', '55.40825820', 1),
(1183, 29, 407, 'بیکاء', 'Bikah', '27.35404360', '57.16993320', 1),
(1184, 29, 407, 'دهبارز', 'Dehbārez', '27.44841050', '57.16675690', 1),
(1185, 29, 407, 'زیارتعلی', 'Ziyārat Ali', '27.73557730', '57.21072420', 1),
(1186, 29, 408, 'سیریک', 'Sirik', '26.52731610', '57.09002470', 1),
(1187, 29, 408, 'کوهستک', 'Kouhestak', '26.80426850', '57.01887130', 1),
(1188, 29, 408, 'گروک', 'Gerouk', '26.58856490', '57.08517550', 1),
(1189, 29, 409, 'درگهان', 'Dargahan', '26.95833690', '56.04316930', 1),
(1190, 29, 409, 'سوزا', 'Suzā', '26.77724030', '56.04379160', 1),
(1191, 29, 409, 'قشم', 'Qeshm', '26.95817700', '56.18880220', 1),
(1192, 29, 409, 'هرمز', 'Hormuz', '27.09500000', '56.45277800', 1),
(1193, 29, 410, 'تیرور', 'Tirour', '27.33793880', '56.95310350', 1),
(1194, 29, 410, 'سندرک', 'Senderk', '26.83816290', '57.41788730', 1),
(1195, 29, 410, 'میناب', 'Minab', '27.13832660', '57.01058610', 1),
(1196, 29, 410, 'هشتبندی', 'Hasht Bandi', '27.14586240', '57.43326510', 1),
(1197, 30, 411, 'آجین', 'Ajin', '34.73251280', '47.91867250', 1),
(1198, 30, 411, 'اسدآباد', 'Asadabad', '34.78120160', '48.10209250', 1),
(1199, 30, 412, 'بهار', 'Bahar', '34.89388660', '48.40322920', 1),
(1200, 30, 412, 'صالح آباد', 'Salehabad', '34.92309630', '48.33458660', 1),
(1201, 30, 412, 'لالجین', 'Lalejin', '34.97472390', '48.46436250', 1),
(1202, 30, 412, 'مهاجران', 'Mohajeran', '35.07656210', '48.60714200', 1),
(1203, 30, 413, 'تویسرکان', 'Tuyserkan', '34.54815720', '48.43238510', 1),
(1204, 30, 413, 'سرکان', 'Serkan', '34.60070120', '48.43862940', 1),
(1205, 30, 413, 'فرسفج', 'Farasfaj', '34.48626330', '48.28147890', 1),
(1206, 30, 414, 'دمق', 'Damaq', '35.44193980', '48.81380080', 1),
(1207, 30, 414, 'رزن', 'Razan', '35.38791150', '49.01764850', 1),
(1208, 30, 414, 'قروه درجزین', 'Qorveh-e Darjazin', '35.31264740', '49.08991810', 1),
(1209, 30, 415, 'فامنین', 'Famenin', '35.11300840', '48.95694480', 1),
(1210, 30, 416, 'شیرین سو', 'Shirin Su', '35.49270800', '48.44196080', 1),
(1211, 30, 416, 'کبودرآهنگ', 'Kabudrahang', '35.20939460', '48.70679130', 1),
(1212, 30, 416, 'گل تپه', 'Gol Tappeh', '35.22083550', '48.19597000', 1),
(1213, 30, 417, 'ازندریان', 'Azandarian', '34.50931250', '48.67901430', 1),
(1214, 30, 417, 'جوکار', 'Jowkar', '34.43034520', '48.67798440', 1),
(1215, 30, 417, 'زنگنه', 'Zangeneh', '34.15427170', '49.00369050', 1),
(1216, 30, 417, 'سامن', 'Samen', '34.20976100', '48.69501120', 1),
(1217, 30, 417, 'ملایر', 'Malayer', '34.30142510', '48.78822270', 1),
(1218, 30, 418, 'برزول', 'Barzul', '34.21317710', '48.25816510', 1),
(1219, 30, 418, 'فیروزان', 'Firuzan', '34.36152240', '48.10754300', 1),
(1220, 30, 418, 'گیان', 'Giyan', '34.17566540', '48.23459370', 1),
(1221, 30, 418, 'نهاوند', 'Nahavand', '34.19482680', '48.33924230', 1),
(1222, 30, 419, 'جورقان', 'Juraqan', '34.88513830', '48.54383100', 1),
(1223, 30, 419, 'قهاوند', 'Qahavand', '34.85973490', '48.99060110', 1),
(1224, 30, 419, 'مریانج', 'Maryanaj', '34.83148830', '48.45425600', 1),
(1225, 30, 419, 'همدان', 'Hamedan', '34.81230870', '48.44002710', 1),
(1226, 31, 420, 'ابرکوه', 'Abarkooh', '31.12628100', '53.22159240', 1),
(1227, 31, 420, 'مهردشت', 'Mehrdasht', '31.02277800', '53.35638900', 1),
(1228, 31, 421, 'احمدآباد', 'Ahmadabad', '32.35666700', '53.99194400', 1),
(1229, 31, 421, 'اردکان', 'Ardakan', '32.31041690', '53.99896130', 1),
(1230, 31, 421, 'عقدا', 'Aqda', '32.44319900', '53.62542610', 1),
(1231, 31, 422, 'اشکذر', 'Ashkezar', '32.00074020', '54.19235920', 1),
(1232, 31, 422, 'خضرآباد', 'Khezrabad', '31.87049590', '53.94642230', 1),
(1233, 31, 423, 'بافق', 'Bafgh', '31.61251830', '55.38023410', 1),
(1234, 31, 424, 'بهاباد', 'Bahabad', '31.87022880', '56.00460980', 1),
(1235, 31, 425, 'تفت', 'Taft', '31.75745810', '54.17206950', 1),
(1236, 31, 425, 'نیر', 'Nir', '31.48225780', '54.12075520', 1),
(1237, 31, 426, 'مروست', 'Marvast', '30.47856150', '54.20229430', 1),
(1238, 31, 426, 'هرات', 'Harat', '30.05011000', '54.35108170', 1),
(1239, 31, 427, 'مهریز', 'Mehriz', '31.57977540', '54.40669420', 1),
(1240, 31, 428, 'بفروییه', 'Bafruiyeh', '32.26992120', '53.98829480', 1),
(1241, 31, 428, 'میبد', 'Meybod', '32.20842700', '53.97471180', 1),
(1242, 31, 428, 'ندوشن', 'Nodoushan', '32.03013140', '53.53182780', 1),
(1243, 31, 429, 'حمیدیا', 'Hamidia', '31.82816140', '54.37884800', 1),
(1244, 31, 429, 'زارچ', 'Zarach', '31.98615350', '54.22491050', 1),
(1245, 31, 429, 'شاهدیه', 'Shahedieh', '31.94539800', '54.24602450', 1),
(1246, 31, 429, 'یزد', 'Yazd', '31.87953920', '54.26672690', 1);

-- --------------------------------------------------------

--
-- Table structure for table `complaints`
--

CREATE TABLE `complaints` (
  `id` bigint(20) UNSIGNED NOT NULL,
  `name` varchar(191) COLLATE utf8mb4_unicode_ci DEFAULT NULL,
  `family` varchar(191) COLLATE utf8mb4_unicode_ci DEFAULT NULL,
  `email` varchar(191) COLLATE utf8mb4_unicode_ci DEFAULT NULL,
  `phone` varchar(191) COLLATE utf8mb4_unicode_ci DEFAULT NULL,
  `body` text COLLATE utf8mb4_unicode_ci NOT NULL,
  `status` int(11) NOT NULL DEFAULT 0,
  `created_at` timestamp NULL DEFAULT NULL,
  `updated_at` timestamp NULL DEFAULT NULL,
  `deleted_at` timestamp NULL DEFAULT NULL
) ENGINE=InnoDB DEFAULT CHARSET=utf8mb4 COLLATE=utf8mb4_unicode_ci;

--
-- Dumping data for table `complaints`
--

INSERT INTO `complaints` (`id`, `name`, `family`, `email`, `phone`, `body`, `status`, `created_at`, `updated_at`, `deleted_at`) VALUES
(1, 'تست 1', 'رضایی', 's@m.com', '09185507245', 'fggg', 0, '2020-11-11 04:08:03', '2020-11-11 04:08:03', NULL);

-- --------------------------------------------------------

--
-- Table structure for table `contact_us`
--

CREATE TABLE `contact_us` (
  `id` bigint(20) UNSIGNED NOT NULL,
  `name` varchar(191) COLLATE utf8mb4_unicode_ci DEFAULT NULL,
  `family` varchar(191) COLLATE utf8mb4_unicode_ci DEFAULT NULL,
  `email` varchar(191) COLLATE utf8mb4_unicode_ci DEFAULT NULL,
  `phone` varchar(191) COLLATE utf8mb4_unicode_ci DEFAULT NULL,
  `body` text COLLATE utf8mb4_unicode_ci NOT NULL,
  `status` int(11) NOT NULL DEFAULT 0,
  `created_at` timestamp NULL DEFAULT NULL,
  `updated_at` timestamp NULL DEFAULT NULL,
  `deleted_at` timestamp NULL DEFAULT NULL
) ENGINE=InnoDB DEFAULT CHARSET=utf8mb4 COLLATE=utf8mb4_unicode_ci;

--
-- Dumping data for table `contact_us`
--

INSERT INTO `contact_us` (`id`, `name`, `family`, `email`, `phone`, `body`, `status`, `created_at`, `updated_at`, `deleted_at`) VALUES
(1, 'تست 1', 'رضایی', 's@m.com', '09185507245', 'لات', 0, '2020-11-10 09:39:23', '2020-11-10 09:39:23', NULL),
(2, 'sf', 'fdg', 'abas.alishirvani@yahoo.com', '09185507245', 'dfsgsdf', 0, '2020-11-10 10:18:52', '2020-11-10 10:18:52', NULL),
(3, 'fgh', 'fgh', 'eli5555555eli@gmail.com', '09185507245', 'fgh', 0, '2020-11-10 10:24:16', '2020-11-10 10:24:16', NULL),
(4, 'تست 1', 'رضایی', 'eli5555555eli@gmail.com', '09185507245', 'fdgh', 0, '2020-11-10 10:25:05', '2020-11-10 10:25:05', NULL),
(5, 'تست', 'تست', 'rezaie.mehdi555@gmail.com', '09185597245', 'تست', 0, '2020-12-01 08:57:50', '2020-12-01 08:57:50', NULL),
(6, 'تست', 'تست', 'rezaie.mehdi555@gmail.com', '09185557245', 'sdfsdaf', 0, '2020-12-01 09:10:09', '2020-12-01 09:10:09', NULL);

-- --------------------------------------------------------

--
-- Table structure for table `counties`
--

CREATE TABLE `counties` (
  `id` int(10) UNSIGNED NOT NULL,
  `province_id` int(10) UNSIGNED NOT NULL,
  `name` varchar(64) COLLATE utf8mb4_unicode_ci NOT NULL,
  `en_name` varchar(64) COLLATE utf8mb4_unicode_ci DEFAULT NULL,
  `latitude` decimal(10,8) DEFAULT NULL,
  `longitude` decimal(11,8) DEFAULT NULL,
  `approved` tinyint(1) NOT NULL DEFAULT 1
) ENGINE=InnoDB DEFAULT CHARSET=utf8mb4 COLLATE=utf8mb4_unicode_ci;

--
-- Dumping data for table `counties`
--

INSERT INTO `counties` (`id`, `province_id`, `name`, `en_name`, `latitude`, `longitude`, `approved`) VALUES
(1, 1, 'آذرشهر', 'Azarshahr', '37.75514300', '45.86896300', 1),
(2, 1, 'اسکو', 'Osku', '37.94768700', '45.79345000', 1),
(3, 1, 'اهر', 'Ahar', '38.48943100', '47.06835800', 1),
(4, 1, 'بستان آباد', 'Bostan Abad', '37.84310600', '46.83035000', 1),
(5, 1, 'بناب', 'Bonab', '37.34459600', '46.05648000', 1),
(6, 1, 'تبریز', 'Tabriz', '38.09623900', '46.27380100', 1),
(7, 1, 'جلفا', 'Jolfa', '38.93073700', '45.62886800', 1),
(8, 1, 'چاراویماق', 'Charoimagh', '36.90414500', '47.09157200', 1),
(9, 1, 'خداآفرین', 'Khoda Afarin', '39.13750600', '46.96112800', 1),
(10, 1, 'سراب', 'Sarab', '37.93997700', '47.51543730', 1),
(11, 1, 'شبستر', 'Shabestar', '38.18273990', '45.68192460', 1),
(12, 1, 'عجب شیر', 'Ajabshir', '37.48258470', '45.87358460', 1),
(13, 1, 'کلیبر', 'Kaleybar', '38.86672580', '47.02453120', 1),
(14, 1, 'مراغه', 'Maragheh', '37.38088190', '46.19068570', 1),
(15, 1, 'مرند', 'Marand', '38.42387830', '45.73307930', 1),
(16, 1, 'ملکان', 'Malekan', '37.14644750', '46.08625150', 1),
(17, 1, 'میانه', 'Mianeh', '37.42728620', '47.69117780', 1),
(18, 1, 'ورزقان', 'Varzeqān', '38.58136590', '46.17000800', 1),
(19, 1, 'هریس', 'Heris', '38.24952090', '47.10787290', 1),
(20, 1, 'هشترود', 'Hashtrood', '37.47750290', '47.03698730', 1),
(21, 2, 'ارومیه', 'Urmia', '37.55201030', '44.98663000', 1),
(22, 2, 'اشنویه', 'Oshnavieh', '37.03578700', '45.08183940', 1),
(23, 2, 'بوکان', 'Bukan', '36.52154920', '46.16532260', 1),
(24, 2, 'پلدشت', 'Poldasht', '39.34840190', '45.05834340', 1),
(25, 2, 'پیرانشهر', 'Piranshahr', '36.69641160', '45.12855270', 1),
(26, 2, 'تکاب', 'Takab', '36.40080960', '47.07879730', 1),
(27, 2, 'چالدران', 'Chaldoran', '39.06467800', '44.36944470', 1),
(28, 2, 'چایپاره', 'Chaypareh', '38.89017830', '45.00811080', 1),
(29, 2, 'خوی', 'Khoy', '38.54846270', '44.93412480', 1),
(30, 2, 'سردشت', 'Sardasht', '36.16079500', '45.45807820', 1),
(31, 2, 'سلماس', 'Salmas', '38.20155920', '44.74924550', 1),
(32, 2, 'شاهین دژ', 'Shahin Dej', '36.67755380', '46.55053120', 1),
(33, 2, 'شوط', 'Showt', '39.22094680', '44.74915970', 1),
(34, 2, 'ماکو', 'Maku', '39.28785460', '44.46433010', 1),
(35, 2, 'مهاباد', 'Mahabad', '36.76604130', '45.69484380', 1),
(36, 2, 'میاندوآب', 'Miandoab', '36.96620470', '46.07108070', 1),
(37, 2, 'نقده', 'Naqadeh', '36.95763840', '45.37065980', 1),
(38, 3, 'اردبیل', 'Ardabil', '38.26683090', '48.27099330', 1),
(39, 3, 'بیله سوار', 'Bilesavar', '39.32079670', '47.65934260', 1),
(40, 3, 'پارس آباد', 'Parsabad', '39.62802190', '47.86657270', 1),
(41, 3, 'خلخال', 'Khalkhal', '37.62210100', '48.50142000', 1),
(42, 3, 'سرعین', 'Sarein', '38.14643470', '48.05716020', 1),
(43, 3, 'کوثر', 'Kosar', '38.20475810', '48.26562350', 1),
(44, 3, 'گرمی', 'Germi', '38.99880110', '47.63427990', 1),
(45, 3, 'مشگین شهر', 'Meshgin Shahr', '38.38632870', '47.63834890', 1),
(46, 3, 'نمین', 'Namin', '38.42351930', '48.47159390', 1),
(47, 3, 'نیر', 'Nir', '38.03340450', '47.99772250', 1),
(48, 4, 'آران وبیدگل', 'Aran va Bidgol', '34.05930380', '51.46047580', 1),
(49, 4, 'اردستان', 'Ardestan', '33.38071730', '52.34307230', 1),
(50, 4, 'اصفهان', 'Isfahan', '32.66250010', '51.54694000', 1),
(51, 4, 'برخوار', 'Borkhar', '32.83734670', '51.65595280', 1),
(52, 4, 'بوئین و میاندشت', 'Buin va Miandasht', '33.07449490', '50.13231020', 1),
(53, 4, 'تیران و کرون', 'Tiran and Karvan', '32.80229530', '50.82731390', 1),
(54, 4, 'چادگان', 'Chadegan', '32.78079730', '50.54719190', 1),
(55, 4, 'خمینی شهر', 'Khomeyni Shahr', '32.68329340', '51.48639610', 1),
(56, 4, 'خوانسار', 'Khansar', '33.26748190', '50.24871570', 1),
(57, 4, 'خور و بیابانک', 'Khour va Biabanak', '33.66784710', '54.15556570', 1),
(58, 4, 'دهاقان', 'Dehaghan', '31.93724900', '51.64522640', 1),
(59, 4, 'سمیرم', 'Semirom', '31.39792330', '51.54441770', 1),
(60, 4, 'شاهین شهر و میمه', 'Shahinshahr va Meymeh', '33.27905480', '50.83421760', 1),
(61, 4, 'شهرضا', 'Shahreza', '31.99968770', '51.82877470', 1),
(62, 4, 'فریدن', 'Fereidan', '33.04105370', '50.22750770', 1),
(63, 4, 'فریدون شهر', 'Fereydun Shahr', '32.93718600', '50.12029390', 1),
(64, 4, 'فلاورجان', 'Falavarjan', '32.51659670', '51.38210210', 1),
(65, 4, 'کاشان', 'Kashan', '33.98154900', '51.34271370', 1),
(66, 4, 'گلپایگان', 'Golpayegan', '33.45724970', '50.23390150', 1),
(67, 4, 'لنجان', 'Lenjan', '32.45583150', '51.16263840', 1),
(68, 4, 'مبارکه', 'Mobarakeh', '32.34952150', '51.47882160', 1),
(69, 4, 'نایین', 'Naein', '32.86148940', '53.07443600', 1),
(70, 4, 'نجف آباد', 'Najafabad', '32.64416590', '51.31490640', 1),
(71, 4, 'نطنز', 'Natanz', '33.50926440', '51.89392080', 1),
(72, 5, 'اشتهارد', 'Eshtehard', '35.72126270', '50.34824950', 1),
(73, 5, 'ساوجبلاغ', 'Savojbolagh', '35.95000000', '50.66666700', 1),
(74, 5, 'طالقان', 'Taleqan', '36.21480100', '50.50651360', 1),
(75, 5, 'فردیس', 'Fardis', '35.72472200', '50.98833300', 1),
(76, 5, 'کرج', 'Karaj', '35.83555600', '51.01027800', 1),
(77, 5, 'نظرآباد', 'Nazarabad', '35.96774740', '50.56942410', 1),
(78, 6, 'آبدانان', 'Abdanan', '32.99358050', '47.40373120', 1),
(79, 6, 'ایلام', 'Ilam', '33.63695500', '46.39649800', 1),
(80, 6, 'ایوان', 'Eyvan', '33.82828460', '46.29031400', 1),
(81, 6, 'بدره', 'Bedreh', '33.30664410', '47.02968120', 1),
(82, 6, 'چرداول', 'Chardavol', '33.81291000', '46.61147290', 1),
(83, 6, 'دره شهر', 'Darreh Shahr', '33.14333270', '47.36806860', 1),
(84, 6, 'دهلران', 'Dehloran', '32.69110710', '47.25262630', 1),
(85, 6, 'سیروان', 'Sirvan', '33.75000000', '46.56666700', 1),
(86, 6, 'ملکشاهی', 'Malekshahi', '33.38333300', '46.60000000', 1),
(87, 6, 'مهران', 'Mehran', '33.12170920', '46.15626800', 1),
(88, 7, 'بوشهر', 'Bushehr', '28.91105250', '50.83002130', 1),
(89, 7, 'تنگستان', 'Tangestan', '28.98403700', '50.83148710', 1),
(90, 7, 'جم', 'Jam', '27.81580150', '52.30998450', 1),
(91, 7, 'دشتستان', 'Dashtestan', '29.28333300', '51.25000000', 1),
(92, 7, 'دشتی', 'Dashti', '28.48333300', '51.55000000', 1),
(93, 7, 'دیر', 'Dayyer', '27.84290670', '51.91832720', 1),
(94, 7, 'دیلم', 'Deylam', '30.06100820', '50.14617180', 1),
(95, 7, 'عسلویه', 'Asaluyeh', '27.47608300', '52.60389090', 1),
(96, 7, 'کنگان', 'Kangan', '27.83296310', '52.03707510', 1),
(97, 7, 'گناوه', 'Ganaveh', '29.58393370', '50.47629770', 1),
(98, 8, 'اسلامشهر', 'Eslamshahr', '35.58280250', '51.19186650', 1),
(99, 8, 'بهارستان', 'Baharestan', '35.52198000', '51.08187450', 1),
(100, 8, 'پاکدشت', 'Pakdasht', '35.44526020', '51.61959680', 1),
(101, 8, 'پردیس', 'Pardis', '35.75763890', '51.77015590', 1),
(102, 8, 'پیشوا', 'Pishva', '35.30727560', '51.71298970', 1),
(103, 8, 'تهران', 'Tehran', '35.69701180', '51.20973360', 1),
(104, 8, 'دماوند', 'Damavand', '35.70873120', '52.01006240', 1),
(105, 8, 'رباطکریم', 'Robat Karim', '35.47530430', '51.04732930', 1),
(106, 8, 'ری', 'Rey', '35.57262000', '51.44087470', 1),
(107, 8, 'شمیرانات', 'Shemiranat', '35.93124220', '51.45978000', 1),
(108, 8, 'شهریار', 'Shahriar', '35.65925100', '51.00680910', 1),
(109, 8, 'فیروزکوه', 'Firuzkuh', '35.75706290', '52.75562180', 1),
(110, 8, 'قدس', 'Qods', '35.71075710', '51.07910810', 1),
(111, 8, 'قرچک', 'Qarchak', '35.43708700', '51.55806530', 1),
(112, 8, 'ملارد', 'Malard', '35.67947830', '50.94568430', 1),
(113, 8, 'ورامین', 'Varamin', '35.34494270', '51.60784650', 1),
(114, 9, 'اردل', 'Ardal', '32.00508340', '50.61478550', 1),
(115, 9, 'بروجن', 'Boroujen', '31.97275960', '51.27156200', 1),
(116, 9, 'بن', 'Ben', '32.54171030', '50.72773920', 1),
(117, 9, 'سامان', 'Saman', '32.44864150', '50.90259780', 1),
(118, 9, 'شهرکرد', 'Shahrekord', '32.34137870', '50.82824660', 1),
(119, 9, 'فارسان', 'Farsan', '32.25668630', '50.55221540', 1),
(120, 9, 'کوهرنگ', 'Koohrang', '32.45623380', '50.12607750', 1),
(121, 9, 'کیار', 'Kiar', '32.04720470', '50.80024460', 1),
(122, 9, 'لردگان', 'Lordegan', '31.51869430', '50.78370670', 1),
(123, 10, 'بشرویه', 'Boshrouyeh', '33.86371270', '57.40532390', 1),
(124, 10, 'بیرجند', 'Birjand', '32.87067490', '59.20690950', 1),
(125, 10, 'خوسف', 'Khusf', '32.78474690', '58.87161230', 1),
(126, 10, 'درمیان', 'Darmiyan', '32.94241750', '59.53079690', 1),
(127, 10, 'زیرکوه', 'Zirkuh', '33.60327070', '59.99037270', 1),
(128, 10, 'سرایان', 'Sarayan', '33.39278200', '57.76131220', 1),
(129, 10, 'سربیشه', 'Sarbisheh', '32.58075440', '59.78204000', 1),
(130, 10, 'طبس', 'Tabas', '33.60960450', '56.91063820', 1),
(131, 10, 'فردوس', 'Ferdows', '34.01943470', '58.13660080', 1),
(132, 10, 'قاینات', 'Ghayenat', '33.60173630', '58.61009350', 1),
(133, 10, 'نهبندان', 'Nehbandan', '31.46329640', '58.60021570', 1),
(134, 11, 'باخرز', 'Bakharz', '34.99347420', '60.29708850', 1),
(135, 11, 'بجستان', 'Bajestan', '34.52359130', '58.13947610', 1),
(136, 11, 'بردسکن', 'Bardaskan', '35.26005310', '57.95704360', 1),
(137, 11, 'بینالود', 'Binalood', '35.99863060', '59.32797010', 1),
(138, 11, 'تایباد', 'Taybad', '34.74435930', '60.75448030', 1),
(139, 11, 'تربت جام', 'Torbat-e-Jam', '35.23577360', '60.59668000', 1),
(140, 11, 'تربت حیدریه', 'Torbat Heydariyeh', '35.26422610', '59.14764150', 1),
(141, 11, 'جغتای', 'Joghatay', '36.64066660', '57.06071360', 1),
(142, 11, 'جوین', 'Joveyn', '36.62139800', '57.28121590', 1),
(143, 11, 'چناران', 'Chenaran', '36.64126890', '59.10343590', 1),
(144, 11, 'خلیل آباد', 'Khalil Abad', '35.25367760', '58.27041140', 1),
(145, 11, 'خواف', 'Khaf', '34.56989720', '60.09881910', 1),
(146, 11, 'خوشاب', 'Khoshab', '36.74622110', '58.11246280', 1),
(147, 11, 'داورزن', 'Davarzan', '36.35348010', '56.86293830', 1),
(148, 11, 'درگز', 'Dargaz', '37.44652000', '59.09023650', 1),
(149, 11, 'رشتخوار', 'Rashtkhar', '34.97462940', '59.61447710', 1),
(150, 11, 'زاوه', 'Zaveh', '35.27592950', '59.45880170', 1),
(151, 11, 'سبزوار', 'Sabzevar', '36.23968030', '57.57385010', 1),
(152, 11, 'سرخس', 'Sarakhs', '36.53967070', '61.13981710', 1),
(153, 11, 'فریمان', 'Farīmān', '35.69956090', '59.83111500', 1),
(154, 11, 'فیروزه', 'Firouzeh', '36.28288760', '58.56768590', 1),
(155, 11, 'قوچان', 'Quchan', '37.10975360', '58.39369610', 1),
(156, 11, 'کاشمر', 'Kashmar', '35.25401630', '58.42863970', 1),
(157, 11, 'کلات', 'Kalat', '36.99706750', '59.73384600', 1),
(158, 11, 'گناباد', 'Gonabad', '34.35098630', '58.66312910', 1),
(159, 11, 'مشهد', 'Mashhad', '36.29781700', '59.43937250', 1),
(160, 11, 'مه ولات', 'Mahvelat', '34.98778670', '58.42392910', 1),
(161, 11, 'نیشابور', 'Neyshabur', '36.23163280', '58.72165360', 1),
(162, 12, 'اسفراین', 'Esfarāyen', '37.06338420', '57.47300090', 1),
(163, 12, 'بجنورد', 'Bojnurd', '37.48420890', '57.25546150', 1),
(164, 12, 'جاجرم', 'Jajarm', '36.96161010', '56.33044430', 1),
(165, 12, 'راز و جرگلان', 'Raz and Jargalan', '37.93294270', '57.10083960', 1),
(166, 12, 'شیروان', 'Shirvan', '37.40904730', '57.89747510', 1),
(167, 12, 'فاروج', 'Farooj', '37.18743970', '57.53592910', 1),
(168, 12, 'گرمه', 'Garmeh', '36.98811280', '56.26396410', 1),
(169, 12, 'مانه و سملقان', 'Maneh Va Samalqan', '37.75508070', '56.07715200', 1),
(170, 13, 'آبادان', 'Abadan', '30.32773230', '48.25331080', 1),
(171, 13, 'آغاجاری', 'Aghajari', '30.69855100', '49.79497370', 1),
(172, 13, 'امیدیه', 'Omidiyeh', '30.75775630', '49.65255910', 1),
(173, 13, 'اندیکا', 'Andika', '32.20640640', '49.43485620', 1),
(174, 13, 'اندیمشک', 'Andimeshk', '32.46186710', '48.31033010', 1),
(175, 13, 'اهواز', 'Ahvaz', '31.37536230', '48.53050610', 1),
(176, 13, 'ایذه', 'Izeh', '31.82516630', '49.83175210', 1),
(177, 13, 'باغ ملک', 'Baghmalek', '31.52630960', '49.86389610', 1),
(178, 13, 'باوی', 'Bavi', '31.47083300', '48.86027800', 1),
(179, 13, 'بندر ماهشهر', 'Bandar Mahshahr', '30.56310540', '49.14359400', 1),
(180, 13, 'بهبهان', 'Behbahan', '30.59354690', '50.20715410', 1),
(181, 13, 'حمیدیه', 'Hamidiyeh', '31.47479590', '48.41494540', 1),
(182, 13, 'خرمشهر', 'Khorramshahr', '30.41159350', '48.11874130', 1),
(183, 13, 'دزفول', 'Dezful', '32.40247370', '48.31778090', 1),
(184, 13, 'دشت آزادگان', 'Dashte Azadeghan', '31.59509670', '47.47553070', 1),
(185, 13, 'رامشیر', 'Ramshir', '30.89176340', '49.39161280', 1),
(186, 13, 'رامهرمز', 'Ramhormoz', '31.27531450', '49.57374510', 1),
(187, 13, 'شادگان', 'Shadegan', '30.65193930', '48.63698940', 1),
(188, 13, 'شوش', 'Shush', '32.19533120', '48.24439980', 1),
(189, 13, 'شوشتر', 'Shooshtar', '32.04109990', '48.79976690', 1),
(190, 13, 'کارون', 'Karun', '31.38068440', '48.00908060', 1),
(191, 13, 'گتوند', 'Gotvand', '32.24527780', '48.76513410', 1),
(192, 13, 'لالی', 'Lali', '32.32933390', '49.08755770', 1),
(193, 13, 'مسجد سلیمان', 'Masjed Soleyman', '31.95172050', '49.21942560', 1),
(194, 13, 'هفتگل', 'Haftkel', '31.45498510', '49.50872880', 1),
(195, 13, 'هندیجان', 'Hendijan', '30.23452250', '49.69240650', 1),
(196, 13, 'هویزه', 'Hoveyzeh', '31.46550990', '48.06143040', 1),
(197, 14, 'ابهر', 'Abhar', '36.15122570', '49.19924440', 1),
(198, 14, 'ایجرود', 'Ijrud', '36.42352420', '48.24708800', 1),
(199, 14, 'خدابنده', 'Khodabandeh', '36.12230230', '48.55793900', 1),
(200, 14, 'خرمدره', 'Khorramdarreh', '36.21196440', '49.16467600', 1),
(201, 14, 'زنجان', 'Zanjan', '36.68113770', '48.42318280', 1),
(202, 14, 'سلطانیه', 'Soltanieh', '36.43486910', '48.78414630', 1),
(203, 14, 'طارم', 'Tarom', '37.02379120', '48.77285490', 1),
(204, 14, 'ماهنشان', 'Mahneshan', '36.74263210', '47.66291850', 1),
(205, 15, 'آرادان', 'Aradan', '35.24815740', '52.48202680', 1),
(206, 15, 'دامغان', 'Damghan', '36.16451830', '54.32451710', 1),
(207, 15, 'سرخه', 'Sorkheh', '35.46802190', '53.20105630', 1),
(208, 15, 'سمنان', 'Semnan', '35.57773950', '53.34909370', 1),
(209, 15, 'شاهرود', 'Shahroud', '36.40570750', '54.93884800', 1),
(210, 15, 'گرمسار', 'Garmsār', '35.20287840', '52.30485560', 1),
(211, 15, 'مهدی شهر', 'Mahdi Shahr', '35.70734520', '53.25079420', 1),
(212, 15, 'میامی', 'Mayamey', '36.41200920', '55.64133160', 1),
(213, 16, 'ایرانشهر', 'Iranshahr', '27.21703470', '60.63779290', 1),
(214, 16, 'چابهار', 'Chabahar', '25.31090900', '60.61017680', 1),
(215, 16, 'خاش', 'Khash', '28.22280120', '61.15484910', 1),
(216, 16, 'دلگان', 'Delgan', '27.51755350', '59.05614300', 1),
(217, 16, 'زابل', 'Zabol', '31.04026920', '61.42831300', 1),
(218, 16, 'زاهدان', 'Zahedan', '29.48323080', '60.80497140', 1),
(219, 16, 'زهک', 'Zahak', '30.89139540', '61.66544420', 1),
(220, 16, 'سراوان', 'Saravan', '27.35068470', '62.28381550', 1),
(221, 16, 'سرباز', 'Sarbaz', '26.63236370', '61.24955180', 1),
(222, 16, 'سیب و سوران', 'Sib va Sooran', '27.36636780', '61.31417660', 1),
(223, 16, 'فنوج', 'Fanouj', '26.57340360', '59.62992650', 1),
(224, 16, 'قصرقند', 'Qasr-e-qand', '26.22719080', '60.71461130', 1),
(225, 16, 'کنارک', 'Konarak', '25.40014320', '60.31502440', 1),
(226, 16, 'مهرستان', 'Mehrestan', '27.13392800', '61.65462950', 1),
(227, 16, 'میرجاوه', 'Mirjaveh', '29.01810350', '61.43216230', 1),
(228, 16, 'نیک شهر', 'Nikshahr', '26.23217160', '60.21774860', 1),
(229, 16, 'نیمروز', 'Nimrooz', '31.11500770', '61.39258850', 1),
(230, 16, 'هامون', 'Hamoon', '25.28627120', '60.64041130', 1),
(231, 16, 'هیرمند', 'Hirmand', '31.04020420', '61.49792140', 1),
(232, 17, 'آباده', 'Abadeh', '31.16124760', '52.61279510', 1),
(233, 17, 'ارسنجان', 'Arsenjan', '29.91896540', '53.28291870', 1),
(234, 17, 'استهبان', 'Estahban', '29.12835340', '54.00042000', 1),
(235, 17, 'اقلید', 'Eqlid', '30.90147300', '52.65279230', 1),
(236, 17, 'بوانات', 'Bavanat', '30.48647620', '53.58721010', 1),
(237, 17, 'پاسارگاد', 'Pasargad', '30.19139400', '53.17207930', 1),
(238, 17, 'جهرم', 'Jahrom', '28.53073340', '53.51852160', 1),
(239, 17, 'خرامه', 'Kharameh', '29.50040440', '53.30107210', 1),
(240, 17, 'خرم بید', 'Khorrambid', '30.50044860', '53.08080130', 1),
(241, 17, 'خنج', 'Khonj', '27.88767500', '53.41157890', 1),
(242, 17, 'داراب', 'Darab', '28.75169930', '54.50918140', 1),
(243, 17, 'رستم', 'Rostam', '30.23333300', '51.51666700', 1),
(244, 17, 'زرین دشت', 'Zarrin Dasht', '28.35998220', '54.40292350', 1),
(245, 17, 'سپیدان', 'Sepidan', '30.20392680', '51.89679630', 1),
(246, 17, 'سروستان', 'Sarvestan', '29.27026270', '53.20730190', 1),
(247, 17, 'شیراز', 'Shiraz', '29.66579990', '52.39292980', 1),
(248, 17, 'فراشبند', 'Farashband', '28.85060410', '52.06103260', 1),
(249, 17, 'فسا', 'Fasa', '28.94881060', '53.59920430', 1),
(250, 17, 'فیروزآباد', 'Firuzabad', '28.84489000', '52.52845030', 1),
(251, 17, 'قیروکارزین', 'Ghirokarzin', '28.39291490', '52.73158490', 1),
(252, 17, 'کازرون', 'Kazerun', '29.62591010', '51.61213820', 1),
(253, 17, 'کوار', 'Kavar', '29.21189660', '52.65026020', 1),
(254, 17, 'گراش', 'Gerash', '27.67513270', '54.07586300', 1),
(255, 17, 'لارستان', 'Larestan', '27.66888230', '54.24684500', 1),
(256, 17, 'لامرد', 'Lamerd', '27.34145670', '53.15432230', 1),
(257, 17, 'مرودشت', 'Marvdasht', '29.89035240', '52.78295450', 1),
(258, 17, 'ممسنی', 'Mamasani', '30.11356730', '51.50369100', 1),
(259, 17, 'مهر', 'Mohr', '27.55167350', '52.87217620', 1),
(260, 17, 'نی ریز', 'Neyriz', '29.19048550', '54.28615020', 1),
(261, 18, 'آبیک', 'Abyek', '36.04715120', '50.51818350', 1),
(262, 18, 'آوج', 'Avaj', '35.57773580', '49.21200160', 1),
(263, 18, 'البرز', 'Alborz', '36.02353850', '50.55685540', 1),
(264, 18, 'بویین زهرا', 'Buin Zahra', '35.76553390', '50.04231670', 1),
(265, 18, 'تاکستان', 'Takestan', '36.07083830', '49.66090630', 1),
(266, 18, 'قزوین', 'Qazvin', '36.28133810', '49.94664540', 1),
(267, 19, 'قم', 'Qom', '34.68878450', '50.71197920', 1),
(268, 20, 'بانه', 'Baneh', '35.99451430', '45.87030150', 1),
(269, 20, 'بیجار', 'Bijar', '35.87277370', '47.58062820', 1),
(270, 20, 'دهگلان', 'Dehgolan', '35.27980040', '47.41116640', 1),
(271, 20, 'دیواندره', 'Divandarreh', '35.91590130', '47.00809460', 1),
(272, 20, 'سروآباد', 'Sarvabad', '35.30955630', '46.35754110', 1),
(273, 20, 'سقز', 'Saqqez', '36.24118260', '46.24295650', 1),
(274, 20, 'سنندج', 'Sanandaj', '35.28996860', '46.93934200', 1),
(275, 20, 'قروه', 'Qorveh', '35.16587540', '47.79007660', 1),
(276, 20, 'کامیاران', 'Kamyaran', '34.79666550', '46.92290770', 1),
(277, 20, 'مریوان', 'Marivan', '35.51682810', '46.16090280', 1),
(278, 21, 'ارزوییه', 'Orzueeyeh', '28.45839080', '56.35321770', 1),
(279, 21, 'انار', 'Anar', '30.86568490', '55.25728220', 1),
(280, 21, 'بافت', 'Baft', '29.23087260', '56.57920540', 1),
(281, 21, 'بردسیر', 'Bardsir', '29.92599380', '56.53491440', 1),
(282, 21, 'بم', 'Bam', '29.10232890', '58.31135210', 1),
(283, 21, 'جیرفت', 'Jiroft', '28.69194930', '57.64691340', 1),
(284, 21, 'رابر', 'Rābor', '29.29081380', '56.89978100', 1),
(285, 21, 'راور', 'Ravar', '31.26921640', '56.76970420', 1),
(286, 21, 'رفسنجان', 'Rafsanjan', '30.36719610', '55.92132580', 1),
(287, 21, 'رودبارجنوب', 'Roudbar', '28.02993750', '57.97425250', 1),
(288, 21, 'ریگان', 'Mohammadābād-e-Rigan', '28.64694440', '59.00143130', 1),
(289, 21, 'زرند', 'Zarand', '30.81357630', '56.54560020', 1),
(290, 21, 'سیرجان', 'Sirjan', '29.48542650', '55.59337680', 1),
(291, 21, 'شهربابک', 'Shahrbabak', '30.11976770', '55.09231510', 1),
(292, 21, 'عنبرآباد', 'Anbarabad', '28.47785580', '57.82434920', 1),
(293, 21, 'فاریاب', 'Faryab', '28.09095550', '57.20915770', 1),
(294, 21, 'فهرج', 'Fahraj', '28.94585560', '58.87598980', 1),
(295, 21, 'قلعه گنج', 'Ghalehganj', '27.52440690', '57.85301680', 1),
(296, 21, 'کرمان', 'Kerman', '30.27303230', '56.99620960', 1),
(297, 21, 'کوهبنان', 'Kouhbanan', '31.41262920', '56.27130520', 1),
(298, 21, 'کهنوج', 'Kahnooj', '27.97934880', '57.66592480', 1),
(299, 21, 'منوجان', 'Manoojan', '27.36824920', '57.20289640', 1),
(300, 21, 'نرماشیر', 'Narmashir', '28.95310380', '58.68991970', 1),
(301, 22, 'اسلام آبادغرب', 'Eslamabad-e-Gharb', '34.11009240', '46.49572790', 1),
(302, 22, 'پاوه', 'Paveh', '35.04541920', '46.34376500', 1),
(303, 22, 'ثلاث باباجانی', 'Salas Babajani', '34.73558110', '46.14339350', 1),
(304, 22, 'جوانرود', 'Javanrud', '34.80562640', '46.47821880', 1),
(305, 22, 'دالاهو', 'Kerend-e Gharb', '34.27801600', '46.22670290', 1),
(306, 22, 'روانسر', 'Ravansar', '34.70905390', '46.64036880', 1),
(307, 22, 'سرپل ذهاب', 'Sarpol Zahab', '34.45922230', '45.84577550', 1),
(308, 22, 'سنقر', 'Sonqor', '34.77446180', '47.56625120', 1),
(309, 22, 'صحنه', 'Sahneh', '34.47931870', '47.66803610', 1),
(310, 22, 'قصرشیرین', 'Qasr-e Shirin', '34.51672070', '45.57090270', 1),
(311, 22, 'کرمانشاه', 'Kermanshah', '34.33724970', '47.02583320', 1),
(312, 22, 'کنگاور', 'Kangavar', '34.50170840', '47.94414260', 1),
(313, 22, 'گیلانغرب', 'Gilan Gharb', '34.13989520', '45.91493370', 1),
(314, 22, 'هرسین', 'Harsin', '34.27083380', '47.56954260', 1),
(315, 23, 'باشت', 'Basht', '30.36209950', '51.15127080', 1),
(316, 23, 'بویراحمد', 'Boyer-Ahmad', '30.84208540', '50.24429080', 1),
(317, 23, 'بهمیی', 'Bahmai', '30.89158300', '50.09183000', 1),
(318, 23, 'چرام', 'Choram', '30.75378330', '50.73295340', 1),
(319, 23, 'دنا', 'Dana', '30.81666700', '51.48333300', 1),
(320, 23, 'کهگیلویه', 'Kohgiluyeh', '30.84208540', '50.24429080', 1),
(321, 23, 'گچساران', 'Gachsaran', '30.35412730', '50.75786540', 1),
(322, 23, 'لنده', 'Lendeh', '30.97781800', '50.40324550', 1),
(323, 24, 'آزادشهر', 'Azadshahr', '37.08773700', '55.15544390', 1),
(324, 24, 'آق قلا', 'Aq Qala', '37.01204170', '54.44060310', 1),
(325, 24, 'بندر گز', 'Bandar Gaz', '36.77470780', '53.95633740', 1),
(326, 24, 'ترکمن', 'Torkaman', '36.90507650', '54.03526730', 1),
(327, 24, 'رامیان', 'Ramian', '37.01793650', '55.12475950', 1),
(328, 24, 'علی آباد', 'Aliabad-e-Katu', '36.91016390', '54.83907210', 1),
(329, 24, 'کردکوی', 'Kordkuy', '36.79071860', '54.08895490', 1),
(330, 24, 'کلاله', 'Kalaleh', '37.37818460', '55.48038640', 1),
(331, 24, 'گالیکش', 'Galikesh', '37.27148880', '55.41242110', 1),
(332, 24, 'گرگان', 'Gorgan', '36.85041930', '54.36802300', 1),
(333, 24, 'گمیشان', 'Gomishan', '37.06971630', '54.06323110', 1),
(334, 24, 'گنبد کاووس', 'Gonbad Kavus', '37.24385140', '55.12445700', 1),
(335, 24, 'مراوه تپه', 'Maraveh Tappeh', '37.90460800', '55.94689960', 1),
(336, 24, 'مینودشت', 'Minudasht', '37.22713100', '55.35491450', 1),
(337, 25, 'آستارا', 'Astara', '38.42378790', '48.81787720', 1),
(338, 25, 'آستانه اشرفیه', 'Astaneh-ye Ashrafiyeh', '37.26507030', '49.91960360', 1),
(339, 25, 'املش', 'Amlash', '37.09246800', '50.17314410', 1),
(340, 25, 'بندر انزلی', 'Bandar Anzali', '37.47444270', '49.41493690', 1),
(341, 25, 'رشت', 'Rasht', '37.24423260', '49.51632260', 1),
(342, 25, 'رضوانشهر', 'Rezvanshahr', '37.56205280', '49.12607380', 1),
(343, 25, 'رودبار', 'Rudbar', '36.81367160', '49.38912330', 1),
(344, 25, 'رودسر', 'Rudsar', '37.13865660', '50.26688520', 1),
(345, 25, 'سیاهکل', 'Siahkal', '37.15148260', '49.84181590', 1),
(346, 25, 'شفت', 'Shaft', '37.06510510', '49.17771380', 1),
(347, 25, 'صومعه سرا', 'Someh Sara', '37.30247690', '49.31162310', 1),
(348, 25, 'طوالش', 'Talesh', '37.80142400', '48.90669500', 1),
(349, 25, 'فومن', 'Fuman', '37.22940480', '49.29354140', 1),
(350, 25, 'لاهیجان', 'Lahijan', '37.20882270', '49.97994160', 1),
(351, 25, 'لنگرود', 'Langarud', '37.19103690', '50.13709520', 1),
(352, 25, 'ماسال', 'Masal', '37.37988530', '49.11473480', 1),
(353, 26, 'ازنا', 'Azna', '33.45313480', '49.41435750', 1),
(354, 26, 'الیگودرز', 'Aligudarz', '33.39549520', '49.68276360', 1),
(355, 26, 'بروجرد', 'Borujerd', '33.88808700', '48.68367910', 1),
(356, 26, 'پلدختر', 'Pol Dokhtar', '33.14620850', '47.70149940', 1),
(357, 26, 'خرم آباد', 'Khorramabad', '33.49124060', '48.28902960', 1),
(358, 26, 'دلفان', 'Delfan', '34.05000000', '47.78333300', 1),
(359, 26, 'دورود', 'Dorud', '33.49222420', '49.02520120', 1),
(360, 26, 'دوره', 'Dowreh', '33.56280300', '48.02138800', 1),
(361, 26, 'رومشکان', 'Rumeshkhan', '33.28333300', '47.55000000', 1),
(362, 26, 'سلسله', 'Selseleh', '33.83333300', '48.16666700', 1),
(363, 26, 'کوهدشت', 'Kuhdasht', '33.53137560', '47.59277330', 1),
(364, 27, 'آمل', 'Amol', '36.46600840', '52.32350300', 1),
(365, 27, 'بابل', 'Babol', '36.53838100', '52.64155350', 1),
(366, 27, 'بابلسر', 'Babolsar', '36.69773630', '52.62796930', 1),
(367, 27, 'بهشهر', 'Behshahr', '36.69102350', '53.49981240', 1),
(368, 27, 'تنکابن', 'Tonekabon', '36.81602360', '50.84208670', 1),
(369, 27, 'جویبار', 'Juybar', '36.64276550', '52.88316240', 1),
(370, 27, 'چالوس', 'Chalus', '36.65609320', '51.38758360', 1),
(371, 27, 'رامسر', 'Ramsar', '36.92907200', '50.60197540', 1),
(372, 27, 'ساری', 'Sari', '36.55591370', '53.03742940', 1),
(373, 27, 'سوادکوه', 'ُSavadkoh', '35.97764700', '52.68246300', 1),
(374, 27, 'سوادکوه شمالی', 'North Savadkuh', '36.36666700', '52.86666700', 1),
(375, 27, 'سیمرغ', 'Kia Kola', '36.58334410', '52.79896250', 1),
(376, 27, 'عباس آباد', 'Abbasabad', '36.72454380', '51.07912960', 1),
(377, 27, 'فریدونکنار', 'Fereydunkenar', '36.68624450', '52.50735260', 1),
(378, 27, 'قایم شهر', 'Fereydunkenar', '36.68624450', '52.50735260', 1),
(379, 27, 'کلاردشت', 'Kelardasht', '36.49307110', '51.11897650', 1),
(380, 27, 'گلوگاه', 'Galugah', '36.72791870', '53.80219260', 1),
(381, 27, 'محمودآباد', 'Mahmudabad', '36.62806680', '52.23996060', 1),
(382, 27, 'میاندورود', 'Miandorud', '36.59434670', '53.21327770', 1),
(383, 27, 'نکا', 'Neka', '36.64775830', '53.27055910', 1),
(384, 27, 'نور', 'Nur', '36.57421310', '52.01171260', 1),
(385, 27, 'نوشهر', 'Nowshahr', '36.65024180', '51.46933740', 1),
(386, 28, 'آشتیان', 'Ashtian', '34.52340400', '49.98950940', 1),
(387, 28, 'اراک', 'Arak', '34.07313330', '49.65036870', 1),
(388, 28, 'تفرش', 'Tafresh', '34.69593590', '50.00299550', 1),
(389, 28, 'خمین', 'Khomein', '33.63703770', '50.03426970', 1),
(390, 28, 'خنداب', 'Khondab', '34.39449580', '49.17237980', 1),
(391, 28, 'دلیجان', 'Delijan', '33.99183280', '50.66804400', 1),
(392, 28, 'زرندیه', 'Zarandieh ', '35.36666700', '50.33333300', 1),
(393, 28, 'ساوه', 'Saveh', '35.03237280', '50.33158730', 1),
(394, 28, 'شازند', 'Shazand', '33.93522030', '49.38822250', 1),
(395, 28, 'فراهان', 'Farahan', '34.07313330', '49.65036870', 1),
(396, 28, 'کمیجان', 'Komijan', '34.71303880', '49.30509560', 1),
(397, 28, 'محلات', 'Mahalat', '33.90489210', '50.42355480', 1),
(398, 29, 'ابوموسی', 'Abumusa', '25.87798750', '55.01521270', 1),
(399, 29, 'بستک', 'Bastak', '27.19635520', '54.34254150', 1),
(400, 29, 'بشاگرد', 'Bashagard', '26.45875740', '57.88425900', 1),
(401, 29, 'بندر عباس', 'Bandar Abbas', '27.19016970', '56.09781210', 1),
(402, 29, 'بندرلنگه', 'Bandar Lengeh', '26.56410300', '54.87332930', 1),
(403, 29, 'پارسیان', 'Parsian', '27.21675570', '53.02186470', 1),
(404, 29, 'جاسک', 'Jask', '25.65389010', '57.76995600', 1),
(405, 29, 'حاجی اباد', 'Haji Abad', '28.31351800', '55.87869560', 1),
(406, 29, 'خمیر', 'Khamir', '26.95189090', '55.57268840', 1),
(407, 29, 'رودان', 'Roodān', '27.55729680', '56.97763210', 1),
(408, 29, 'سیریک', 'Sirik', '26.52735450', '57.09002470', 1),
(409, 29, 'قشم', 'Qeshm', '26.95825350', '56.18880220', 1),
(410, 29, 'میناب', 'Minab', '27.13847930', '57.01058610', 1),
(411, 30, 'اسدآباد', 'Asadabad', '34.78123680', '48.10209250', 1),
(412, 30, 'بهار', 'Bahar', '34.89395700', '48.40322910', 1),
(413, 30, 'تویسرکان', 'Tuyserkan', '34.54819250', '48.43238510', 1),
(414, 30, 'رزن', 'Razan', '35.38794650', '49.01764850', 1),
(415, 30, 'فامنین', 'Famenin', '35.11304350', '48.95694480', 1),
(416, 30, 'کبودرآهنگ', 'Kabudrahang', '35.20942970', '48.70679130', 1),
(417, 30, 'ملایر', 'Malayer', '34.30149600', '48.78822260', 1),
(418, 30, 'نهاوند', 'Nahavand', '34.19489780', '48.33924220', 1),
(419, 30, 'همدان', 'Hamedan', '34.81244970', '48.44002710', 1),
(420, 31, 'ابرکوه', 'Abarkooh', '31.12635440', '53.22159240', 1),
(421, 31, 'اردکان', 'Ardakan', '32.31045320', '53.99896130', 1),
(422, 31, 'اشکذر', 'Ashkezar', '32.00077660', '54.19235920', 1),
(423, 31, 'بافق', 'Bafgh', '31.61259140', '55.38023410', 1),
(424, 31, 'بهاباد', 'Bahabad', '31.87026520', '56.00460980', 1),
(425, 31, 'تفت', 'Taft', '31.75753110', '54.17206950', 1),
(426, 31, 'خاتم', 'Khatam', '31.87296140', '54.39141550', 1),
(427, 31, 'مهریز', 'Mehriz', '31.57984850', '54.40669420', 1),
(428, 31, 'میبد', 'Meybod', '32.20857220', '53.97471180', 1),
(429, 31, 'یزد', 'Yazd', '31.87968500', '54.26672690', 1);

-- --------------------------------------------------------

--
-- Table structure for table `currency_converts`
--

CREATE TABLE `currency_converts` (
  `id` bigint(20) UNSIGNED NOT NULL,
  `user_id` bigint(20) UNSIGNED NOT NULL,
  `exFrom` varchar(191) COLLATE utf8mb4_unicode_ci DEFAULT 'IRR',
  `exTo` varchar(191) COLLATE utf8mb4_unicode_ci NOT NULL DEFAULT 'EUR',
  `rate` varchar(191) COLLATE utf8mb4_unicode_ci NOT NULL DEFAULT '1',
  `status` int(11) NOT NULL DEFAULT 0,
  `created_at` timestamp NULL DEFAULT NULL,
  `updated_at` timestamp NULL DEFAULT NULL,
  `deleted_at` timestamp NULL DEFAULT NULL
) ENGINE=InnoDB DEFAULT CHARSET=utf8mb4 COLLATE=utf8mb4_unicode_ci;

--
-- Dumping data for table `currency_converts`
--

INSERT INTO `currency_converts` (`id`, `user_id`, `exFrom`, `exTo`, `rate`, `status`, `created_at`, `updated_at`, `deleted_at`) VALUES
(1, 1, 'IRR', 'IRR', '1', 1, '2020-04-21 19:30:00', NULL, NULL),
(2, 1, 'IRR', 'EUR', '0.00000289855', 1, NULL, NULL, NULL),
(3, 1, 'EUR', 'IRR', '345000', 0, NULL, NULL, NULL),
(4, 1, 'USD', 'IRR', '291000', 0, NULL, NULL, NULL),
(5, 1, 'IRR', 'USD', '0.00000343642', 1, NULL, NULL, NULL);

-- --------------------------------------------------------

--
-- Table structure for table `failed_jobs`
--

CREATE TABLE `failed_jobs` (
  `id` bigint(20) UNSIGNED NOT NULL,
  `connection` text COLLATE utf8mb4_unicode_ci NOT NULL,
  `queue` text COLLATE utf8mb4_unicode_ci NOT NULL,
  `payload` longtext COLLATE utf8mb4_unicode_ci NOT NULL,
  `exception` longtext COLLATE utf8mb4_unicode_ci NOT NULL,
  `failed_at` timestamp NOT NULL DEFAULT current_timestamp(),
  `deleted_at` timestamp NULL DEFAULT NULL
) ENGINE=InnoDB DEFAULT CHARSET=utf8mb4 COLLATE=utf8mb4_unicode_ci;

-- --------------------------------------------------------

--
-- Table structure for table `fields`
--

CREATE TABLE `fields` (
  `id` bigint(20) UNSIGNED NOT NULL,
  `title` text COLLATE utf8mb4_unicode_ci NOT NULL,
  `slug` text COLLATE utf8mb4_unicode_ci NOT NULL,
  `user_id` bigint(20) UNSIGNED NOT NULL,
  `description` text COLLATE utf8mb4_unicode_ci DEFAULT NULL,
  `body` text COLLATE utf8mb4_unicode_ci DEFAULT NULL,
  `parent_id` int(11) NOT NULL DEFAULT 0,
  `images` text COLLATE utf8mb4_unicode_ci DEFAULT NULL,
  `tags` text COLLATE utf8mb4_unicode_ci DEFAULT NULL,
  `price` text COLLATE utf8mb4_unicode_ci DEFAULT NULL,
  `priority` int(11) NOT NULL DEFAULT 0,
  `status` int(11) NOT NULL DEFAULT 0,
  `created_at` timestamp NULL DEFAULT NULL,
  `updated_at` timestamp NULL DEFAULT NULL,
  `deleted_at` timestamp NULL DEFAULT NULL
) ENGINE=InnoDB DEFAULT CHARSET=utf8mb4 COLLATE=utf8mb4_unicode_ci;

--
-- Dumping data for table `fields`
--

INSERT INTO `fields` (`id`, `title`, `slug`, `user_id`, `description`, `body`, `parent_id`, `images`, `tags`, `price`, `priority`, `status`, `created_at`, `updated_at`, `deleted_at`) VALUES
(1, 'حفظ', 'حفظ', 40, 'حفظ تخصصی کل قرآن', '<p dir=\"RTL\" style=\"text-align:right\"><span style=\"font-size:11pt\"><span style=\"font-family:Calibri,sans-serif\"><span style=\"font-size:14.0pt\"><span style=\"font-family:&quot;Arial&quot;,sans-serif\">حفظ تخصصی کل قرآن در 1 سال، حفظ تخصصی کل قرآن در 2 سال، حفظ تخصصی کل قرآن در 3 سال، حفظ تخصصی کل قرآن در 4 سال، حفظ تخصصی کل قرآن در 5 سال و بیشتر، حفظ ترتیبی (ویژه افراد با مشغله متوسط، حفظ سوره به سوره (ویژه افراد با مشغله زیاد، تثبیت و مرور حفظ، حفظ موضوعی به همراه تفسیر ، حفظ ویژه خردسالان</span></span></span></span></p>', 0, '{\"images\":{\"original\":\"\\/upload\\/images\\/2020\\/12\\/fields\\/5fc798e285f3d.png\",\"300\":\"\\/upload\\/images\\/2020\\/12\\/fields\\/300_5fc798e285f3d.png\",\"600\":\"\\/upload\\/images\\/2020\\/12\\/fields\\/600_5fc798e285f3d.png\",\"900\":\"\\/upload\\/images\\/2020\\/12\\/fields\\/900_5fc798e285f3d.png\"},\"thumb\":\"\\/upload\\/images\\/2020\\/12\\/fields\\/300_5fc798e285f3d.png\"}', 'حفظ تخصصی کل قرآن', '0', 1, 1, '2020-12-02 10:08:43', '2020-12-02 10:08:43', NULL),
(2, 'حفظ تخصصی کل قرآن در 1 سال', 'حفظ-تخصصی-کل-قرآن-در-1-سال', 40, 'حفظ تخصصی کل قرآن در 1 سال', '<p dir=\"RTL\" style=\"text-align:right\"><span style=\"font-size:11pt\"><span style=\"font-family:Calibri,sans-serif\"><span style=\"font-size:14.0pt\"><span style=\"font-family:&quot;Arial&quot;,sans-serif\">در این طرح، علاقه مندان می توانند، در یک سال حافظ کل قرآن شده و در کنار حفظ با ترجمه و تفسیر آیات از یک سو و تجوید و صوت و لحن از سوی دیگر، آشنا گردند.</span></span></span></span></p>\r\n\r\n<p dir=\"RTL\" style=\"text-align:right\"><span style=\"font-size:11pt\"><span style=\"font-family:Calibri,sans-serif\"><span style=\"font-size:14.0pt\"><span style=\"font-family:&quot;Arial&quot;,sans-serif\">شرح مختصری از این طرح این است که در هفته اول قرآن آموزان روزانه نیم صفحه را با کمک استاد، حفظ نموده و این روند در هفته دوم یک صفحه و هفته سوم یک صفحه و نیم شده و از هفته چهارم به بعد روزانه بایستی دو صفحه از مصحف شریف را در جان خود به ودیعه بسپارند.</span></span></span></span></p>\r\n\r\n<p dir=\"RTL\" style=\"text-align:right\"><span style=\"font-size:11pt\"><span style=\"font-family:Calibri,sans-serif\"><span style=\"font-size:14.0pt\"><span style=\"font-family:&quot;Arial&quot;,sans-serif\">گفتنی است که این طرح ویژه افراد مجرد 14 تا 28 سال بوده و نیازمند زمانی شبانه روزی می باشد. </span></span></span></span></p>', 1, '{\"images\":{\"original\":\"\\/upload\\/images\\/2020\\/12\\/fields\\/5fc799205a908.png\",\"300\":\"\\/upload\\/images\\/2020\\/12\\/fields\\/300_5fc799205a908.png\",\"600\":\"\\/upload\\/images\\/2020\\/12\\/fields\\/600_5fc799205a908.png\",\"900\":\"\\/upload\\/images\\/2020\\/12\\/fields\\/900_5fc799205a908.png\"},\"thumb\":\"\\/upload\\/images\\/2020\\/12\\/fields\\/300_5fc799205a908.png\"}', 'حفظ تخصصی کل قرآن در 1 سال', '0', 1, 1, '2020-12-02 10:09:44', '2020-12-02 10:09:44', NULL),
(3, 'حفظ تخصصی کل قرآن در 2 سال', 'حفظ-تخصصی-کل-قرآن-در-2-سال', 40, 'حفظ تخصصی کل قرآن در 2 سال', '<p dir=\"RTL\" style=\"text-align:right\"><span style=\"font-size:11pt\"><span style=\"font-family:Calibri,sans-serif\"><span style=\"font-size:14.0pt\"><span style=\"font-family:&quot;Arial&quot;,sans-serif\">در این طرح علاقه مندانی که مشغله متوسط یا کمی دارند، می توانند با حفظ روزانه 5، 7.5 و 10 سطر شروع کرده و در انتهاء روزانه یک صفحه از مصحف شریف را در وجود خود نهادینه سازند تا در کمتر از 2 سال حافظ کل قرآن کریم گردند. </span></span></span></span></p>\r\n\r\n<p dir=\"RTL\" style=\"text-align:right\"><span style=\"font-size:11pt\"><span style=\"font-family:Calibri,sans-serif\"><span style=\"font-size:14.0pt\"><span style=\"font-family:&quot;Arial&quot;,sans-serif\">در این طرح قرآن آموزان، با ترجمه، تفسیر و تدبر در آیات آشنا شده و دوره های تجوید و صوت و لحن را نیز می توانند بگذرانند. این طرح محدودیت سنی نداشته و شرکت در آن، منوط به شرکت در دوره آزمایشی و تأیید استاد است. </span></span></span></span></p>', 1, '{\"images\":{\"original\":\"\\/upload\\/images\\/2020\\/12\\/fields\\/5fc7996e6470f.png\",\"300\":\"\\/upload\\/images\\/2020\\/12\\/fields\\/300_5fc7996e6470f.png\",\"600\":\"\\/upload\\/images\\/2020\\/12\\/fields\\/600_5fc7996e6470f.png\",\"900\":\"\\/upload\\/images\\/2020\\/12\\/fields\\/900_5fc7996e6470f.png\"},\"thumb\":\"\\/upload\\/images\\/2020\\/12\\/fields\\/300_5fc7996e6470f.png\"}', 'حفظ تخصصی کل قرآن در 2 سال', '0', 1, 1, '2020-12-02 10:11:02', '2020-12-02 10:11:02', NULL),
(4, 'حفظ تخصصی کل قرآن در 3 سال', 'حفظ-تخصصی-کل-قرآن-در-3-سال', 40, 'حفظ تخصصی کل قرآن در 3 سال', '<p dir=\"RTL\" style=\"text-align:right\"><span style=\"font-size:11pt\"><span style=\"font-family:Calibri,sans-serif\"><span style=\"font-size:14.0pt\"><span style=\"font-family:&quot;Arial&quot;,sans-serif\">در این طرح علاقه مندان می توانند با حفظ روزانه 10 سطر از مصحف شریف، حدودا در سه سال حافظ کل قرآن گردند. </span></span></span></span></p>\r\n\r\n<p dir=\"RTL\" style=\"text-align:right\"><span style=\"font-size:11pt\"><span style=\"font-family:Calibri,sans-serif\"><span style=\"font-size:14.0pt\"><span style=\"font-family:&quot;Arial&quot;,sans-serif\">در این طرح نیز قرآن آموزان با ترجمه، تفسیر و تدبر در آیات آشنا شده و دوره های تجوید و صوت و لحن را می گذرانند. این طرح محدودیت سنی نداشته و شرکت و ادامه در کلاس های آن منوط به تأیید استاد است. </span></span></span></span></p>', 1, '{\"images\":{\"original\":\"\\/upload\\/images\\/2020\\/12\\/fields\\/5fc7999dce682.png\",\"300\":\"\\/upload\\/images\\/2020\\/12\\/fields\\/300_5fc7999dce682.png\",\"600\":\"\\/upload\\/images\\/2020\\/12\\/fields\\/600_5fc7999dce682.png\",\"900\":\"\\/upload\\/images\\/2020\\/12\\/fields\\/900_5fc7999dce682.png\"},\"thumb\":\"\\/upload\\/images\\/2020\\/12\\/fields\\/300_5fc7999dce682.png\"}', 'حفظ تخصصی کل قرآن در 3 سال', '0', 1, 1, '2020-12-02 10:11:50', '2020-12-02 10:11:50', NULL),
(5, 'حفظ تخصصی کل قرآن در 4 سال', 'حفظ-تخصصی-کل-قرآن-در-4-سال', 40, 'حفظ تخصصی کل قرآن در 4 سال', '<p dir=\"RTL\" style=\"text-align:right\"><span style=\"font-size:11pt\"><span style=\"font-family:Calibri,sans-serif\"><span style=\"font-size:14.0pt\"><span style=\"font-family:&quot;Arial&quot;,sans-serif\">در این طرح علاقه مندان می توانند، با حفظ روزانه هفت سطر و نیم از مصحف شریف در مدت تقریبا 4 سال حافظ کل قرآن کریم گردند. </span></span></span></span></p>\r\n\r\n<p dir=\"RTL\" style=\"text-align:right\"><span style=\"font-size:11pt\"><span style=\"font-family:Calibri,sans-serif\"><span style=\"font-size:14.0pt\"><span style=\"font-family:&quot;Arial&quot;,sans-serif\">در این طرح نیز قرآن آموزان با ترجمه، تفسیر و تدبر در آیات آشنا شده و دوره های تجوید و صوت و لحن را می گذرانند. این طرح محدودیت سنی نداشته و شرکت و ادامه در کلاس های آن منوط به تأیید استاد است. </span></span></span></span></p>', 1, '[]', 'حفظ تخصصی کل قرآن در 4 سال', '0', 1, 1, '2020-12-02 10:12:22', '2020-12-02 10:12:22', NULL),
(6, 'حفظ تخصصی کل قرآن در 5 سال و بیشتر', 'حفظ-تخصصی-کل-قرآن-در-5-سال-و-بیشتر', 40, 'حفظ تخصصی کل قرآن در 5 سال و بیشتر', '<p dir=\"RTL\" style=\"text-align:right\"><span style=\"font-size:11pt\"><span style=\"font-family:Calibri,sans-serif\"><span style=\"font-size:14.0pt\"><span style=\"font-family:&quot;Arial&quot;,sans-serif\">در این طرح علاقه مندان می توانند، با حفظ روزانه 5 سطر از مصحف شریف یا کمتر در مدت نزدیک به 5 سال یا بیشتر (طبق میزان حفظ) حافظ کل قرآن کریم گردند. </span></span></span></span></p>\r\n\r\n<p dir=\"RTL\" style=\"text-align:right\"><span style=\"font-size:11pt\"><span style=\"font-family:Calibri,sans-serif\"><span style=\"font-size:14.0pt\"><span style=\"font-family:&quot;Arial&quot;,sans-serif\">در این طرح نیز قرآن آموزان با ترجمه، تفسیر و تدبر در آیات آشنا شده و دوره های تجوید و صوت و لحن را می گذرانند. این طرح محدودیت سنی نداشته و شرکت و ادامه در کلاس های آن منوط به تأیید استاد است. </span></span></span></span></p>', 1, '[]', 'حفظ تخصصی کل قرآن در 5 سال و بیشتر', '0', 1, 1, '2020-12-02 10:13:08', '2020-12-02 10:13:08', NULL),
(7, 'حفظ ترتیبی (ویژه افراد با مشغله متوسط):', 'حفظ-ترتیبی-ویژه-افراد-با-مشغله-متوسط', 40, 'حفظ ترتیبی (ویژه افراد با مشغله متوسط):', '<p dir=\"RTL\" style=\"text-align:right\"><span style=\"font-size:11pt\"><span style=\"font-family:Calibri,sans-serif\"><span style=\"font-size:14.0pt\"><span style=\"font-family:&quot;Arial&quot;,sans-serif\">این طرح، ویژه افرادی بوده که مشغله آن ها متوسط می باشد، در این طرح افراد بیشتر همراه با استاد آیات را حفظ می نمایند و میزان حفظ آن ها جلسه ای است و نه روزانه.</span></span></span></span></p>\r\n\r\n<p dir=\"RTL\" style=\"text-align:right\"><span style=\"font-size:11pt\"><span style=\"font-family:Calibri,sans-serif\"><span style=\"font-size:14.0pt\"><span style=\"font-family:&quot;Arial&quot;,sans-serif\">در این طرح قرآن آموزان تنها با ترجمه و مفهوم کلی آیات آشنا شده و در جلسات تدبر نیز می توانند شرکت داشته باشند.</span></span></span></span></p>', 1, '{\"images\":{\"original\":\"\\/upload\\/images\\/2020\\/12\\/fields\\/5fc79a1684cfa.png\",\"300\":\"\\/upload\\/images\\/2020\\/12\\/fields\\/300_5fc79a1684cfa.png\",\"600\":\"\\/upload\\/images\\/2020\\/12\\/fields\\/600_5fc79a1684cfa.png\",\"900\":\"\\/upload\\/images\\/2020\\/12\\/fields\\/900_5fc79a1684cfa.png\"},\"thumb\":\"\\/upload\\/images\\/2020\\/12\\/fields\\/300_5fc79a1684cfa.png\"}', 'حفظ ترتیبی (ویژه افراد با مشغله متوسط):', '0', 1, 1, '2020-12-02 10:13:50', '2020-12-02 10:13:50', NULL),
(8, 'حفظ سوره به سوره (ویژه افراد با مشغله زیاد)', 'حفظ-سوره-به-سوره-ویژه-افراد-با-مشغله-زیاد', 40, 'حفظ سوره به سوره (ویژه افراد با مشغله زیاد)', '<p dir=\"RTL\" style=\"text-align:right\"><span style=\"font-size:11pt\"><span style=\"font-family:Calibri,sans-serif\"><span style=\"font-size:14.0pt\"><span style=\"font-family:&quot;Arial&quot;,sans-serif\">حفظ سوره به سوره ویژه افرادی است که مشغله زیاد دارند مع الوصف، علاقه مند به فراگیری ترجمه و تفسیر آیات به همراه حفظ آسان نیز هستند.</span></span></span></span></p>\r\n\r\n<p dir=\"RTL\" style=\"text-align:right\"><span style=\"font-size:11pt\"><span style=\"font-family:Calibri,sans-serif\"><span style=\"font-size:14.0pt\"><span style=\"font-family:&quot;Arial&quot;,sans-serif\">در این طرح، قرآن آموزان، هر جلسه مقدار کمی از آیات را حفظ نموده ولی با ترجمه و تفسیر آیات آشنا شده و تدبر در معارف الهی را در برنامه خود دارند. </span></span></span></span></p>', 1, '{\"images\":{\"original\":\"\\/upload\\/images\\/2020\\/12\\/fields\\/5fc79a3a3ab3c.jpg\",\"300\":\"\\/upload\\/images\\/2020\\/12\\/fields\\/300_5fc79a3a3ab3c.jpg\",\"600\":\"\\/upload\\/images\\/2020\\/12\\/fields\\/600_5fc79a3a3ab3c.jpg\",\"900\":\"\\/upload\\/images\\/2020\\/12\\/fields\\/900_5fc79a3a3ab3c.jpg\"},\"thumb\":\"\\/upload\\/images\\/2020\\/12\\/fields\\/300_5fc79a3a3ab3c.jpg\"}', 'حفظ سوره به سوره (ویژه افراد با مشغله زیاد)', '0', 1, 1, '2020-12-02 10:14:26', '2020-12-02 10:14:26', NULL),
(9, 'تثبیت و مرور حفظ', 'تثبیت-و-مرور-حفظ', 40, 'تثبیت و مرور حفظ', '<p dir=\"RTL\" style=\"text-align:right\"><span style=\"font-size:11pt\"><span style=\"font-family:Calibri,sans-serif\"><span style=\"font-size:14.0pt\"><span style=\"font-family:&quot;Arial&quot;,sans-serif\">این طرح، ویژه حافظان قرآن است که نیازمند تثبیت و مرور محفوظات، تحت نظر استاد می باشند. در این طرح علاقه مندان، با شرکت در کلاس ها می توانند، علاوه بر تثبیت و مرور محفوظات، اگر در بخش ترجمه و تجوید و صوت و لحن، در خود نیاز کار بیشتر می بینند، به تکمیل معلومات خود بپردازند. </span></span></span></span></p>', 1, '{\"images\":{\"original\":\"\\/upload\\/images\\/2020\\/12\\/fields\\/5fc79a555af96.png\",\"300\":\"\\/upload\\/images\\/2020\\/12\\/fields\\/300_5fc79a555af96.png\",\"600\":\"\\/upload\\/images\\/2020\\/12\\/fields\\/600_5fc79a555af96.png\",\"900\":\"\\/upload\\/images\\/2020\\/12\\/fields\\/900_5fc79a555af96.png\"},\"thumb\":\"\\/upload\\/images\\/2020\\/12\\/fields\\/300_5fc79a555af96.png\"}', 'تثبیت و مرور حفظ', '0', 1, 1, '2020-12-02 10:14:53', '2020-12-02 10:14:53', NULL),
(10, 'حفظ موضوعی به همراه تفسیر', 'حفظ-موضوعی-به-همراه-تفسیر', 40, 'حفظ موضوعی به همراه تفسیر', '<p dir=\"RTL\" style=\"text-align:right\"><span style=\"font-size:11pt\"><span style=\"font-family:Calibri,sans-serif\"><span style=\"font-size:14.0pt\"><span style=\"font-family:&quot;Arial&quot;,sans-serif\">افرادی که مایلند به صورت موضوعی از معارف قرآن کریم بهره مند شوند، می توانند با شرکت در این طرح، به صورت موضوعی آیات را حفظ نموده و طبق کتب تفسیر موضوعی قرآن کریم که توسط استاد، انتخاب و تدریس می گردد، با معارف بلند و ژرف آیات کریمه قرآن کریم آشنا گردند.</span></span></span></span></p>', 1, '{\"images\":{\"original\":\"\\/upload\\/images\\/2020\\/12\\/fields\\/5fc79a6d518e2.png\",\"300\":\"\\/upload\\/images\\/2020\\/12\\/fields\\/300_5fc79a6d518e2.png\",\"600\":\"\\/upload\\/images\\/2020\\/12\\/fields\\/600_5fc79a6d518e2.png\",\"900\":\"\\/upload\\/images\\/2020\\/12\\/fields\\/900_5fc79a6d518e2.png\"},\"thumb\":\"\\/upload\\/images\\/2020\\/12\\/fields\\/300_5fc79a6d518e2.png\"}', 'حفظ موضوعی به همراه تفسیر', '0', 1, 1, '2020-12-02 10:15:17', '2020-12-02 10:15:17', NULL),
(11, 'حفظ ویژه خردسالان', 'حفظ-ویژه-خردسالان', 40, 'حفظ ویژه خردسالان', '<p dir=\"RTL\" style=\"text-align:right\"><span style=\"font-size:11pt\"><span style=\"font-family:Calibri,sans-serif\"><span style=\"font-size:14.0pt\"><span style=\"font-family:&quot;Arial&quot;,sans-serif\">در این طرح، خردسالانی که کمتر از 7 سال دارند و دوره های روخوانی و شناخت حروف الفباء را گذرانده اند، می توانند همراه با شعر، نقاشی و آشنایی با قصص قرآن متناسب با سن خود، سوره های قرآن را نیز حفظ نمایند. </span></span></span></span></p>', 1, '{\"images\":{\"original\":\"\\/upload\\/images\\/2020\\/12\\/fields\\/5fc79a8fb6677.png\",\"300\":\"\\/upload\\/images\\/2020\\/12\\/fields\\/300_5fc79a8fb6677.png\",\"600\":\"\\/upload\\/images\\/2020\\/12\\/fields\\/600_5fc79a8fb6677.png\",\"900\":\"\\/upload\\/images\\/2020\\/12\\/fields\\/900_5fc79a8fb6677.png\"},\"thumb\":\"\\/upload\\/images\\/2020\\/12\\/fields\\/300_5fc79a8fb6677.png\"}', 'حفظ ویژه خردسالان', '0', 1, 1, '2020-12-02 10:15:52', '2020-12-02 10:15:52', NULL),
(12, 'تفسیر', 'تفسیر', 40, 'تفسیر', '<p dir=\"RTL\" style=\"text-align:right\"><span style=\"font-size:11pt\"><span style=\"font-family:Calibri,sans-serif\"><span style=\"font-size:14.0pt\"><span style=\"font-family:&quot;Arial&quot;,sans-serif\">کاربر گرامی، اگر مایل به یادگیری مفاهیم تفسیری قرآن هستید، می توانید در یکی از طرح های ذیل ثبت نام کرده و با تفسیر قرآن به صورت تخصصی و عمومی آشنا گردید.</span></span></span></span></p>', 0, '{\"images\":{\"original\":\"\\/upload\\/images\\/2020\\/12\\/fields\\/5fc79ab51b954.png\",\"300\":\"\\/upload\\/images\\/2020\\/12\\/fields\\/300_5fc79ab51b954.png\",\"600\":\"\\/upload\\/images\\/2020\\/12\\/fields\\/600_5fc79ab51b954.png\",\"900\":\"\\/upload\\/images\\/2020\\/12\\/fields\\/900_5fc79ab51b954.png\"},\"thumb\":\"\\/upload\\/images\\/2020\\/12\\/fields\\/300_5fc79ab51b954.png\"}', 'تفسیر', '0', 1, 1, '2020-12-02 10:16:29', '2020-12-02 10:16:29', NULL),
(13, 'تفسیر ترتیبی', 'تفسیر-ترتیبی', 40, 'تفسیر ترتیبی', '<p dir=\"RTL\" style=\"text-align:right\"><span style=\"font-size:11pt\"><span style=\"font-family:Calibri,sans-serif\"><span style=\"font-size:14.0pt\"><span style=\"font-family:&quot;Arial&quot;,sans-serif\">به آن دسته از کتب تفسیری که مفسر از ابتدا تا انتهای قرآن به ترتیب، به تفسیر آیات همت گماشته، تفسیر ترتیبی می گویند.</span></span></span></span></p>\r\n\r\n<p dir=\"RTL\" style=\"text-align:right\"><span style=\"font-size:11pt\"><span style=\"font-family:Calibri,sans-serif\"><span style=\"font-size:14.0pt\"><span style=\"font-family:&quot;Arial&quot;,sans-serif\">در دوره های تفسیر ترتیبی، علاقه مندان با کلیات معارف تفسیری قرآن، انواع روش های تفسیری، شیوه های درست تفسیر قرآن کریم ، تاریخ تفسیر و ... آشنا شده و همراه با تدریس استاد، به خواندن متون تفسیری می پردازند. </span></span></span></span></p>', 12, '[]', 'تفسیر ترتیبی', '0', 1, 1, '2020-12-02 10:16:59', '2020-12-02 10:16:59', NULL),
(14, 'تفسیر موضوعی', 'تفسیر-موضوعی', 40, 'تفسیر موضوعی', '<p dir=\"RTL\" style=\"text-align:right\"><span style=\"font-size:11pt\"><span style=\"font-family:Calibri,sans-serif\"><span style=\"font-size:14.0pt\"><span style=\"font-family:&quot;Arial&quot;,sans-serif\">تفسیر موضوعی آن است که مفسر از قرآن کریم موضوعاتی را استخراج و آیات مرتبط را گردآوری و تفسیر می نمایند.</span></span></span></span></p>\r\n\r\n<p dir=\"RTL\" style=\"text-align:right\"><span style=\"font-size:11pt\"><span style=\"font-family:Calibri,sans-serif\"><span style=\"font-size:14.0pt\"><span style=\"font-family:&quot;Arial&quot;,sans-serif\">علاقه مندان به فراگیری تفسیر موضوعی قرآن کریم می توانند با شرکت در این دوره، طبق یکی از کتب تفسیر موضوعی قرآن کریم که توسط استاد مشخص می گردد، با تفسیر موضوعات جالب و حائذ اهمیت آشنا گردند. </span></span></span></span></p>', 12, '{\"images\":{\"original\":\"\\/upload\\/images\\/2020\\/12\\/fields\\/5fc79aedd52c2.png\",\"300\":\"\\/upload\\/images\\/2020\\/12\\/fields\\/300_5fc79aedd52c2.png\",\"600\":\"\\/upload\\/images\\/2020\\/12\\/fields\\/600_5fc79aedd52c2.png\",\"900\":\"\\/upload\\/images\\/2020\\/12\\/fields\\/900_5fc79aedd52c2.png\"},\"thumb\":\"\\/upload\\/images\\/2020\\/12\\/fields\\/300_5fc79aedd52c2.png\"}', 'تفسیر موضوعی', '0', 1, 1, '2020-12-02 10:17:26', '2020-12-02 10:17:26', NULL),
(15, 'تدبر', 'تدبر', 40, 'تدبر', '<p dir=\"RTL\" style=\"text-align:right\"><span style=\"font-size:11pt\"><span style=\"font-family:Calibri,sans-serif\"><span style=\"font-size:14.0pt\"><span style=\"font-family:&quot;Arial&quot;,sans-serif\">علاقه مندان به فکر و اندیشه در آیات و معارف آسمانی که از ناحیه قرآن و عترت به ما رسیده است می توانند، با شرکت در کلاس های تدبر، تحت نظر استاد، درست فهمی و عمیق فهمی را با توجه به تفسیر آیات و روایات، در بستر اندیشه و تدبر خودشان تجربه نمایند.</span></span></span></span></p>', 0, '{\"images\":{\"original\":\"\\/upload\\/images\\/2020\\/12\\/fields\\/5fc79b1052dfd.png\",\"300\":\"\\/upload\\/images\\/2020\\/12\\/fields\\/300_5fc79b1052dfd.png\",\"600\":\"\\/upload\\/images\\/2020\\/12\\/fields\\/600_5fc79b1052dfd.png\",\"900\":\"\\/upload\\/images\\/2020\\/12\\/fields\\/900_5fc79b1052dfd.png\"},\"thumb\":\"\\/upload\\/images\\/2020\\/12\\/fields\\/300_5fc79b1052dfd.png\"}', 'تدبر', '0', 1, 1, '2020-12-02 10:18:00', '2020-12-02 10:18:00', NULL),
(16, 'تجوید', 'تجوید', 40, 'تجوید', '<p dir=\"RTL\" style=\"text-align:right\"><span style=\"font-size:11pt\"><span style=\"font-family:Calibri,sans-serif\"><span style=\"font-size:14.0pt\"><span style=\"font-family:&quot;Arial&quot;,sans-serif\">آن چیزی که در کشور عزیز ما جمهوری اسلامی ایران مرسوم است، یادگیری دانش تجوید قرآن کریم در دو سطح است.</span></span></span></span></p>\r\n\r\n<p dir=\"RTL\" style=\"text-align:right\"><span style=\"font-size:11pt\"><span style=\"font-family:Calibri,sans-serif\"><span style=\"font-size:14.0pt\"><span style=\"font-family:&quot;Arial&quot;,sans-serif\">علاقه مندان می توانند در این کلاس، به صورت علمی و تخصصی با تجوید سطح1 و 2 و نیز دوره های فراتجویدی آشنا گردند.</span></span></span></span></p>', 0, '{\"images\":{\"original\":\"\\/upload\\/images\\/2020\\/12\\/fields\\/5fc79b3ccc8aa.jpg\",\"300\":\"\\/upload\\/images\\/2020\\/12\\/fields\\/300_5fc79b3ccc8aa.jpg\",\"600\":\"\\/upload\\/images\\/2020\\/12\\/fields\\/600_5fc79b3ccc8aa.jpg\",\"900\":\"\\/upload\\/images\\/2020\\/12\\/fields\\/900_5fc79b3ccc8aa.jpg\"},\"thumb\":\"\\/upload\\/images\\/2020\\/12\\/fields\\/300_5fc79b3ccc8aa.jpg\"}', 'تجوید', '0', 1, 1, '2020-12-02 10:18:45', '2020-12-02 10:18:45', NULL),
(17, 'صوت و لحن', 'صوت-و-لحن', 40, 'صوت و لحن', '<p dir=\"RTL\" style=\"text-align:right\"><span style=\"font-size:11pt\"><span style=\"font-family:Calibri,sans-serif\"><span style=\"font-size:14.0pt\"><span style=\"font-family:&quot;Arial&quot;,sans-serif\">علاقه مندان به فراگیری علوم موسیقایی قرآن کریم، متناسب با سن و معلومات خود می توانند با مفاهیم و اصطلاحات صوت همراه با فراگیری نغمات اصلی، فرعی و ترکیبی در قالب ترتیل و تلاوت مجلسی قرائت قرآن کریم آشنا شده و گامی بلند و مؤثر را در جهت قاری شدن و زیبا خواندن قرآن کریم بردارند.</span></span></span></span></p>', 0, '[]', 'صوت و لحن', '0', 1, 1, '2020-12-02 10:19:06', '2020-12-02 10:19:06', NULL),
(18, 'اذان', 'اذان', 40, 'اذان', '<p dir=\"RTL\" style=\"text-align:right\"><span style=\"font-size:11pt\"><span style=\"font-family:Calibri,sans-serif\"><span style=\"font-size:14.0pt\"><span style=\"font-family:&quot;Arial&quot;,sans-serif\">گلبانگ ملکوتی اذان که اذن ورود به بارگاه ملکوتی معشوق است، بایستی عاشقانه و به زیباترین وجه به ترنم در آید، لذا مؤذنین عزیز می توانند با شرکت در کلاس های تخصصی اذان، با سبک های مختلف اذان آشنا شده و علاوه بر فراگیری تجوید اذان، الحان گوناگون اذان گویی را فراگیرند. </span></span></span></span></p>', 0, '{\"images\":{\"original\":\"\\/upload\\/images\\/2020\\/12\\/fields\\/5fc79b6c64637.png\",\"300\":\"\\/upload\\/images\\/2020\\/12\\/fields\\/300_5fc79b6c64637.png\",\"600\":\"\\/upload\\/images\\/2020\\/12\\/fields\\/600_5fc79b6c64637.png\",\"900\":\"\\/upload\\/images\\/2020\\/12\\/fields\\/900_5fc79b6c64637.png\"},\"thumb\":\"\\/upload\\/images\\/2020\\/12\\/fields\\/300_5fc79b6c64637.png\"}', 'اذان', '0', 1, 1, '2020-12-02 10:19:32', '2020-12-02 10:19:32', NULL),
(19, 'مفاهیم و فهم ترجمه', 'مفاهیم-و-فهم-ترجمه', 40, 'مفاهیم و فهم ترجمه', '<p dir=\"RTL\" style=\"text-align:right\"><span style=\"font-size:11pt\"><span style=\"font-family:Calibri,sans-serif\"><span style=\"font-size:14.0pt\"><span style=\"font-family:&quot;Arial&quot;,sans-serif\">علاقه مندان به یادگیری مفاهیم لغات و ترجمه آیات، می توانند با شرکت در این دوره لغات اکثر قرآن کریم را به همراه یادگیری برخی از قواعد ادبیات عرب که در فهم ترجمه تأثیر دارد فراگرفته و به صورت عملی با ترجمه سوره هایی از قرآن آشنا گردند و در این راه با مسلک های مختلف مترجمان نیز آشنایی پیدا نمایند. </span></span></span></span></p>', 0, '{\"images\":{\"original\":\"\\/upload\\/images\\/2020\\/12\\/fields\\/5fc79b82c2ebb.png\",\"300\":\"\\/upload\\/images\\/2020\\/12\\/fields\\/300_5fc79b82c2ebb.png\",\"600\":\"\\/upload\\/images\\/2020\\/12\\/fields\\/600_5fc79b82c2ebb.png\",\"900\":\"\\/upload\\/images\\/2020\\/12\\/fields\\/900_5fc79b82c2ebb.png\"},\"thumb\":\"\\/upload\\/images\\/2020\\/12\\/fields\\/300_5fc79b82c2ebb.png\"}', 'مفاهیم و فهم ترجمه', '0', 1, 1, '2020-12-02 10:19:55', '2020-12-02 10:19:55', NULL),
(20, 'روخوانی و روان خوانی', 'روخوانی-و-روان-خوانی', 40, 'روخوانی و روان خوانی', '<p dir=\"RTL\" style=\"text-align:right\"><span style=\"font-size:11pt\"><span style=\"font-family:Calibri,sans-serif\"><span style=\"font-size:14.0pt\"><span style=\"font-family:&quot;Arial&quot;,sans-serif\">علاقه مندان به فراگیری روخوانی، روان خوانی و فصیح خوانی قرآن کریم می توانند در این طرح ثبت نام نموده، سپس با مشاوره و پیشنهادی که اساتید نور موعود، با توجه به سن و مشغله آن ها به آن ها ارائه می نمایند، در یکی از طرح های روخوانی تئوریک، روخوانی کل قرآن همراه با ترجمه و روخوانی به قصد حفظ شرکت نمایند. </span></span></span></span></p>', 0, '{\"images\":{\"original\":\"\\/upload\\/images\\/2020\\/12\\/fields\\/5fc79b9f3ea01.png\",\"300\":\"\\/upload\\/images\\/2020\\/12\\/fields\\/300_5fc79b9f3ea01.png\",\"600\":\"\\/upload\\/images\\/2020\\/12\\/fields\\/600_5fc79b9f3ea01.png\",\"900\":\"\\/upload\\/images\\/2020\\/12\\/fields\\/900_5fc79b9f3ea01.png\"},\"thumb\":\"\\/upload\\/images\\/2020\\/12\\/fields\\/300_5fc79b9f3ea01.png\"}', 'روخوانی و روان خوانی', '0', 1, 1, '2020-12-02 10:20:23', '2020-12-02 10:20:23', NULL),
(21, 'نهج البلاغه خوانینهج البلاغه خوانی', 'نهج-البلاغه-خوانینهج-البلاغه-خوانی', 40, 'نهج البلاغه خوانی', '<p dir=\"RTL\" style=\"text-align:right\"><span style=\"font-size:11pt\"><span style=\"font-family:Calibri,sans-serif\"><span style=\"font-size:14.0pt\"><span style=\"font-family:&quot;Arial&quot;,sans-serif\">کلام گهر بار حضرت امیرالمؤمنین علیه السلام، که سید رضی آن را در کتاب شریف نهج البلاغه جمع آوری نموده، دریای ژرفیست که پویندگان خود را از آب معرفت ناب سیراب می سازد.</span></span></span></span></p>\r\n\r\n<p dir=\"RTL\" style=\"text-align:right\"><span style=\"font-size:11pt\"><span style=\"font-family:Calibri,sans-serif\"><span style=\"font-size:14.0pt\"><span style=\"font-family:&quot;Arial&quot;,sans-serif\">بایسته است که مسلمانان حد اقل نهج البلاغه را خوانده و با ترجمه و شرح آن آشنا گردند، تا بتوانند علی وار زندگی کرده و همچون مولایشان به اوج کمالات راه یابند. </span></span></span></span></p>\r\n\r\n<p dir=\"RTL\" style=\"text-align:right\"><span style=\"font-size:11pt\"><span style=\"font-family:Calibri,sans-serif\"><span style=\"font-size:14.0pt\"><span style=\"font-family:&quot;Arial&quot;,sans-serif\">کلاس های نهج البلاغه خوانی کلاس هاییست که، علاقه مندان می توانند با شرکت کردن در این کلاس ها، با متن نهج البلاغه آشنا شده و ترجمه و شرح آن را فراگیرند. </span></span></span></span></p>', 0, '{\"images\":{\"original\":\"\\/upload\\/images\\/2020\\/12\\/fields\\/5fc79bc5dc469.png\",\"300\":\"\\/upload\\/images\\/2020\\/12\\/fields\\/300_5fc79bc5dc469.png\",\"600\":\"\\/upload\\/images\\/2020\\/12\\/fields\\/600_5fc79bc5dc469.png\",\"900\":\"\\/upload\\/images\\/2020\\/12\\/fields\\/900_5fc79bc5dc469.png\"},\"thumb\":\"\\/upload\\/images\\/2020\\/12\\/fields\\/300_5fc79bc5dc469.png\"}', 'نهج البلاغه خوانی', '0', 1, 1, '2020-12-02 10:21:02', '2020-12-02 10:21:02', NULL),
(22, 'مهدالرضا', 'مهدالرضا', 40, 'مهدالرضا', '<p dir=\"RTL\" style=\"text-align:right\"><span style=\"font-size:11pt\"><span style=\"font-family:Calibri,sans-serif\"><span style=\"font-size:14.0pt\"><span style=\"font-family:&quot;Arial&quot;,sans-serif\">با توجه به فرمایش مقام معظم رهبری مبنی بر تقویت بنیه مهدکودک ها، قرآنکده نور موعود (عج) با همکاری آستان قدس رضوی، ویژه کودکان 4 تا 6 سال، دوره های پیش دبستان و مهد کودک را با رنگ و بوی امام رضا علیه السلام و با محوریت آموزش قرآن کریم برگزار می نماید.</span></span></span></span></p>\r\n\r\n<p dir=\"RTL\" style=\"text-align:right\"><span style=\"font-size:11pt\"><span style=\"font-family:Calibri,sans-serif\"><span style=\"font-size:16.0pt\"><span style=\"font-family:&quot;B Nazanin&quot;\">کلاسهای مهدالرضا علیه سلام، بستری مناسب را برای تعلیم روخوانی قرآن کریم، به سبک قصه و بازی، برای نونهالان مقطع پیش دبستانی در سراسر کشور پهناور ایران اسلامی و جهان اسلام فراهم کرده است.</span></span></span></span></p>\r\n\r\n<p dir=\"RTL\" style=\"text-align:right\"><span style=\"font-size:11pt\"><span style=\"font-family:Calibri,sans-serif\"><span style=\"font-size:16.0pt\"><span style=\"font-family:&quot;B Nazanin&quot;\">در این طرح در کنار آموزش روخوانی قرآن کریم، امور تربیتی خردسالان بر اساس آموزه های قرآنی و سیره اهل بیت علیهم السلام و مبانی روانشناسی کودک، پایه گذاری گردیده است.</span></span></span></span></p>\r\n\r\n<p dir=\"RTL\" style=\"text-align:right\"><span style=\"font-size:11pt\"><span style=\"font-family:Calibri,sans-serif\"><span style=\"font-size:16.0pt\"><span style=\"font-family:&quot;B Nazanin&quot;\">برای رسیدن به این هدف موارد زیر آموزش داده می شود:</span></span></span></span></p>\r\n\r\n<ol>\r\n	<li dir=\"RTL\" style=\"text-align:right\"><span style=\"font-size:11pt\"><span style=\"font-family:Calibri,sans-serif\"><span style=\"font-size:16.0pt\"><span style=\"font-family:&quot;B Nazanin&quot;\">حفظ آیات، ادعیه، احادیث تربیتی و کاربردی</span></span></span></span></li>\r\n	<li dir=\"RTL\" style=\"text-align:right\"><span style=\"font-size:11pt\"><span style=\"font-family:Calibri,sans-serif\"><span style=\"font-size:16.0pt\"><span style=\"font-family:&quot;B Nazanin&quot;\">حفظ گزیده ای از سوره های کوتاه جزء سی ام قرآن کریم </span></span></span></span></li>\r\n	<li dir=\"RTL\" style=\"text-align:right\"><span style=\"font-size:11pt\"><span style=\"font-family:Calibri,sans-serif\"><span style=\"font-size:16.0pt\"><span style=\"font-family:&quot;B Nazanin&quot;\">آشنایی با داستان های قرآنی و سیره معصومین</span></span></span></span></li>\r\n	<li dir=\"RTL\" style=\"text-align:right\"><span style=\"font-size:11pt\"><span style=\"font-family:Calibri,sans-serif\"><span style=\"font-size:16.0pt\"><span style=\"font-family:&quot;B Nazanin&quot;\">آشنایی با فعالیتهای ملی مذهبی</span></span></span></span></li>\r\n	<li dir=\"RTL\" style=\"text-align:right\"><span style=\"font-size:11pt\"><span style=\"font-family:Calibri,sans-serif\"><span style=\"font-size:16.0pt\"><span style=\"font-family:&quot;B Nazanin&quot;\">آشنایی با برخی از مفاهیم پایه پیش دبستانی، مانند : علوم، ریاضی، هنر،قوانین اجتماعی و بهداشت</span></span></span></span></li>\r\n	<li dir=\"RTL\" style=\"text-align:right\"><span style=\"font-size:11pt\"><span style=\"font-family:Calibri,sans-serif\"><span style=\"font-size:16.0pt\"><span style=\"font-family:&quot;B Nazanin&quot;\">آشنایی با برخی از مفاهیم دینی، مانند : نماز، نیایش و زیارت </span></span></span></span></li>\r\n</ol>', 0, '{\"images\":{\"original\":\"\\/upload\\/images\\/2020\\/12\\/fields\\/5fc79c02117c9.png\",\"300\":\"\\/upload\\/images\\/2020\\/12\\/fields\\/300_5fc79c02117c9.png\",\"600\":\"\\/upload\\/images\\/2020\\/12\\/fields\\/600_5fc79c02117c9.png\",\"900\":\"\\/upload\\/images\\/2020\\/12\\/fields\\/900_5fc79c02117c9.png\"},\"thumb\":\"\\/upload\\/images\\/2020\\/12\\/fields\\/300_5fc79c02117c9.png\"}', 'مهدالرضا', '0', 1, 1, '2020-12-02 10:22:02', '2020-12-02 10:22:02', NULL);

-- --------------------------------------------------------

--
-- Table structure for table `menus`
--

CREATE TABLE `menus` (
  `id` bigint(20) UNSIGNED NOT NULL,
  `title` text COLLATE utf8mb4_unicode_ci NOT NULL,
  `slug` text COLLATE utf8mb4_unicode_ci DEFAULT NULL,
  `user_id` bigint(20) UNSIGNED NOT NULL,
  `menu_categories_id` bigint(20) UNSIGNED NOT NULL,
  `parent_id` int(11) NOT NULL DEFAULT 0,
  `link` text COLLATE utf8mb4_unicode_ci NOT NULL,
  `icon` text COLLATE utf8mb4_unicode_ci DEFAULT NULL,
  `priority` int(11) NOT NULL DEFAULT 0,
  `status` int(11) NOT NULL DEFAULT 0,
  `created_at` timestamp NULL DEFAULT NULL,
  `updated_at` timestamp NULL DEFAULT NULL,
  `deleted_at` timestamp NULL DEFAULT NULL
) ENGINE=InnoDB DEFAULT CHARSET=utf8mb4 COLLATE=utf8mb4_unicode_ci;

--
-- Dumping data for table `menus`
--

INSERT INTO `menus` (`id`, `title`, `slug`, `user_id`, `menu_categories_id`, `parent_id`, `link`, `icon`, `priority`, `status`, `created_at`, `updated_at`, `deleted_at`) VALUES
(1, 'صفحه اصلی', 'صفحه-اصلی', 5, 1, 0, '/', 'i', 1, 1, '2020-11-10 05:43:58', '2020-11-10 05:43:58', NULL),
(2, 'سخنی با ما', 'سخنی-با-ما', 5, 1, 0, '/contact-us', 'i', 6, 1, '2020-11-10 05:44:49', '2020-12-01 03:53:28', NULL),
(3, 'دسته اصلی 1', 'دسته-اصلی-1', 5, 1, 0, 'https://www.maj.ir/', 'i', 3, 1, '2020-11-10 05:45:32', '2020-12-01 03:53:34', '2020-12-01 03:53:34'),
(4, 'دسته فرعی 1-1', 'دسته-فرعی-1-1', 5, 1, 3, '#', 'i', 1, 1, '2020-11-10 05:45:59', '2020-12-01 03:53:37', '2020-12-01 03:53:37'),
(5, 'دسته فرعی 2-1', 'دسته-فرعی-2-1', 5, 1, 3, 'http://isti.ir/', 'i', 2, 1, '2020-11-10 05:46:20', '2020-12-01 03:53:39', '2020-12-01 03:53:39'),
(6, 'سایت آهن آنلاین', 'سایت-آهن-آنلاین', 5, 2, 0, 'https://ahanonline.com/', 'i', 1, 1, '2020-11-10 08:23:46', '2020-12-01 03:53:43', '2020-12-01 03:53:43'),
(7, 'ورود به حساب کاربری', 'ورود-به-حساب-کاربری', 5, 3, 0, 'http://www.assen.ir/login', 'i', 1, 1, '2020-11-10 08:25:27', '2020-12-01 03:53:45', '2020-12-01 03:53:45'),
(8, 'آشنایی با ما', 'آشنایی-با-ما', 40, 1, 0, '/show/page/2', 'i', 5, 1, '2020-12-01 03:56:56', '2020-12-01 04:20:55', NULL),
(9, 'ارتباط با ما', 'ارتباط-با-ما', 40, 1, 0, '/show/page/3', 'i', 4, 1, '2020-12-01 04:24:27', '2020-12-01 04:24:27', NULL),
(10, 'دفتر نهاد رهبری', 'دفتر-نهاد-رهبری', 40, 2, 0, 'http://www.nahad.ir/', 'i', 1, 1, '2020-12-01 04:34:07', '2020-12-01 04:34:07', NULL),
(11, 'پارس قرآن : جستجوي قرآن', 'پارس-قرآن-جستجوي-قرآن', 40, 2, 0, 'http://www.parsquran.com/', 'i', 2, 1, '2020-12-01 04:35:51', '2020-12-01 04:35:51', NULL);

-- --------------------------------------------------------

--
-- Table structure for table `menu_categories`
--

CREATE TABLE `menu_categories` (
  `id` bigint(20) UNSIGNED NOT NULL,
  `title` text COLLATE utf8mb4_unicode_ci NOT NULL,
  `slug` text COLLATE utf8mb4_unicode_ci NOT NULL,
  `user_id` bigint(20) UNSIGNED NOT NULL,
  `description` text COLLATE utf8mb4_unicode_ci DEFAULT NULL,
  `icon` text COLLATE utf8mb4_unicode_ci DEFAULT NULL,
  `priority` int(11) NOT NULL DEFAULT 0,
  `status` int(11) NOT NULL DEFAULT 0,
  `created_at` timestamp NULL DEFAULT NULL,
  `updated_at` timestamp NULL DEFAULT NULL,
  `deleted_at` timestamp NULL DEFAULT NULL
) ENGINE=InnoDB DEFAULT CHARSET=utf8mb4 COLLATE=utf8mb4_unicode_ci;

--
-- Dumping data for table `menu_categories`
--

INSERT INTO `menu_categories` (`id`, `title`, `slug`, `user_id`, `description`, `icon`, `priority`, `status`, `created_at`, `updated_at`, `deleted_at`) VALUES
(1, 'منو اصلی هدر سایت', 'منو-اصلی-هدر-سایت', 5, 'منو اصلی هدر سایت', 'i', 1, 1, '2020-11-10 05:43:37', '2020-11-10 05:43:37', NULL),
(2, 'فوتر سایت - پیوندها', 'فوتر-سایت-پیوندها', 5, 'فوتر سایت - پیوندها', 'i', 1, 1, '2020-11-10 08:22:08', '2020-11-10 08:22:08', NULL),
(3, 'فوتر سایت - خدمات مشتریان', 'فوتر-سایت-خدمات-مشتریان', 5, 'فوتر سایت - خدمات مشتریان', 'i', 1, 1, '2020-11-10 08:22:30', '2020-11-10 08:22:30', NULL);

-- --------------------------------------------------------

--
-- Table structure for table `migrations`
--

CREATE TABLE `migrations` (
  `id` int(10) UNSIGNED NOT NULL,
  `migration` varchar(191) COLLATE utf8mb4_unicode_ci NOT NULL,
  `batch` int(11) NOT NULL
) ENGINE=InnoDB DEFAULT CHARSET=utf8mb4 COLLATE=utf8mb4_unicode_ci;

--
-- Dumping data for table `migrations`
--

INSERT INTO `migrations` (`id`, `migration`, `batch`) VALUES
(1, '2014_10_12_000000_create_users_table', 1),
(2, '2019_08_19_000000_create_failed_jobs_table', 1),
(3, '2020_04_09_134204_create_product_categories_table', 1),
(4, '2020_04_09_134236_create_products_table', 1),
(5, '2020_04_09_134307_create_product_images_table', 1),
(6, '2020_04_09_134439_create_site_details_table', 1),
(8, '2020_04_09_163121_create_sliders_table', 1),
(9, '2020_04_22_095407_create_currency_converts_table', 2),
(10, '2014_10_12_100000_create_password_resets_table', 3),
(11, '2020_10_04_082501_create_activation_codes_table', 4),
(17, '2020_04_09_141145_create_menu_categories_table', 5),
(18, '2020_04_09_141147_create_menus_table', 5),
(19, '2020_10_28_083606_create_web_pages_table', 5),
(20, '2020_11_10_122006_create_contact_us_table', 6),
(22, '2020_11_11_070609_create_complaints_table', 7),
(23, '2020_11_29_090440_create_news_categories_table', 8),
(24, '2020_11_29_090455_create_news_table', 8),
(25, '2018_04_20_184409_create_provinces_table', 9),
(26, '2018_05_16_101111_create_counties_table', 9),
(27, '2018_06_20_184432_create_cities_table', 9),
(28, '2020_12_02_130315_create_fields_table', 10);

-- --------------------------------------------------------

--
-- Table structure for table `news`
--

CREATE TABLE `news` (
  `id` bigint(20) UNSIGNED NOT NULL,
  `title` text COLLATE utf8mb4_unicode_ci NOT NULL,
  `user_id` bigint(20) UNSIGNED NOT NULL,
  `news_categories_id` bigint(20) UNSIGNED NOT NULL,
  `slug` text COLLATE utf8mb4_unicode_ci NOT NULL,
  `description` text COLLATE utf8mb4_unicode_ci DEFAULT NULL,
  `body` text COLLATE utf8mb4_unicode_ci NOT NULL,
  `type` varchar(191) COLLATE utf8mb4_unicode_ci NOT NULL DEFAULT 'normal',
  `images` text COLLATE utf8mb4_unicode_ci NOT NULL,
  `tags` text COLLATE utf8mb4_unicode_ci NOT NULL,
  `priority` int(11) NOT NULL DEFAULT 0,
  `status` int(11) NOT NULL DEFAULT 0,
  `created_at` timestamp NULL DEFAULT NULL,
  `updated_at` timestamp NULL DEFAULT NULL,
  `deleted_at` timestamp NULL DEFAULT NULL
) ENGINE=InnoDB DEFAULT CHARSET=utf8mb4 COLLATE=utf8mb4_unicode_ci;

--
-- Dumping data for table `news`
--

INSERT INTO `news` (`id`, `title`, `user_id`, `news_categories_id`, `slug`, `description`, `body`, `type`, `images`, `tags`, `priority`, `status`, `created_at`, `updated_at`, `deleted_at`) VALUES
(1, 'رونمایی از سایت جامع قرآنکده نور موعود (عج)', 40, 3, 'رونمایی-از-سایت-جامع-قرآنکده-نور-موعود-عج', 'رونمایی از سایت جامع قرآنکده نور موعود (عج)', '<p>به زودی سایت جامع قرآنکده نور موعود (عج) رونمایی و برای عموم قابل استفاده خواهد شد .</p>', 'normal', '{\"images\":{\"original\":\"\\/upload\\/images\\/2020\\/12\\/news\\/5fc5f9ee6d45a.png\",\"50\":\"\\/upload\\/images\\/2020\\/12\\/news\\/50_5fc5f9ee6d45a.png\",\"66\":\"\\/upload\\/images\\/2020\\/12\\/news\\/66_5fc5f9ee6d45a.png\",\"200\":\"\\/upload\\/images\\/2020\\/12\\/news\\/200_5fc5f9ee6d45a.png\",\"350\":\"\\/upload\\/images\\/2020\\/12\\/news\\/350_5fc5f9ee6d45a.png\",\"500\":\"\\/upload\\/images\\/2020\\/12\\/news\\/500_5fc5f9ee6d45a.png\"},\"thumb\":\"\\/upload\\/images\\/2020\\/12\\/news\\/50_5fc5f9ee6d45a.png\"}', 'تگ خبری', 16, 1, '2020-11-29 17:49:54', '2020-12-01 04:38:14', NULL);

-- --------------------------------------------------------

--
-- Table structure for table `news_categories`
--

CREATE TABLE `news_categories` (
  `id` bigint(20) UNSIGNED NOT NULL,
  `title` text COLLATE utf8mb4_unicode_ci NOT NULL,
  `slug` text COLLATE utf8mb4_unicode_ci NOT NULL,
  `user_id` bigint(20) UNSIGNED NOT NULL,
  `description` text COLLATE utf8mb4_unicode_ci DEFAULT NULL,
  `body` text COLLATE utf8mb4_unicode_ci DEFAULT NULL,
  `parent_id` int(11) NOT NULL DEFAULT 0,
  `images` text COLLATE utf8mb4_unicode_ci DEFAULT NULL,
  `tags` text COLLATE utf8mb4_unicode_ci DEFAULT NULL,
  `icon` text COLLATE utf8mb4_unicode_ci DEFAULT NULL,
  `priority` int(11) NOT NULL DEFAULT 0,
  `status` int(11) NOT NULL DEFAULT 0,
  `created_at` timestamp NULL DEFAULT NULL,
  `updated_at` timestamp NULL DEFAULT NULL,
  `deleted_at` timestamp NULL DEFAULT NULL
) ENGINE=InnoDB DEFAULT CHARSET=utf8mb4 COLLATE=utf8mb4_unicode_ci;

--
-- Dumping data for table `news_categories`
--

INSERT INTO `news_categories` (`id`, `title`, `slug`, `user_id`, `description`, `body`, `parent_id`, `images`, `tags`, `icon`, `priority`, `status`, `created_at`, `updated_at`, `deleted_at`) VALUES
(1, 'خبر1 1', 'خبر1-1', 40, 'خلاصه خبر 1', '<p>متن خبر 11</p>\r\n\r\n<p>&nbsp;</p>\r\n\r\n<p><img alt=\"\" src=\"http://localhost/userfiles/files/591f796e.jpg\" style=\"height:200px; width:100px\" /></p>', 0, '{\"images\":{\"original\":\"\\/upload\\/images\\/2020\\/11\\/newsCategories\\/5fc36c279991e.jpg\",\"300\":\"\\/upload\\/images\\/2020\\/11\\/newsCategories\\/300_5fc36c279991e.jpg\",\"600\":\"\\/upload\\/images\\/2020\\/11\\/newsCategories\\/600_5fc36c279991e.jpg\",\"900\":\"\\/upload\\/images\\/2020\\/11\\/newsCategories\\/900_5fc36c279991e.jpg\"},\"thumb\":\"\\/upload\\/images\\/2020\\/11\\/newsCategories\\/300_5fc36c279991e.jpg\"}', 'تگ', 'i', 3, 1, '2020-11-29 17:38:29', '2020-12-01 04:36:21', '2020-12-01 04:36:21'),
(2, 'دسته خبر 1-1', 'دسته-خبر-1-1', 40, 'خلاصه دسته', '<p>متن دسته</p>', 1, '{\"images\":{\"original\":\"\\/upload\\/images\\/2020\\/11\\/newsCategories\\/5fc36cc7f0b10.jpg\",\"300\":\"\\/upload\\/images\\/2020\\/11\\/newsCategories\\/300_5fc36cc7f0b10.jpg\",\"600\":\"\\/upload\\/images\\/2020\\/11\\/newsCategories\\/600_5fc36cc7f0b10.jpg\",\"900\":\"\\/upload\\/images\\/2020\\/11\\/newsCategories\\/900_5fc36cc7f0b10.jpg\"},\"thumb\":\"\\/upload\\/images\\/2020\\/11\\/newsCategories\\/300_5fc36cc7f0b10.jpg\"}', 'هزرزرطظریظطبر', 'i', 1, 1, '2020-11-29 17:41:28', '2020-12-01 04:36:19', '2020-12-01 04:36:19'),
(3, 'خبرهای عمومی', 'خبرهای-عمومی', 40, 'خبرهای عمومی', '<p>خبرهای عمومی</p>', 0, '{\"images\":{\"original\":\"\\/upload\\/images\\/2020\\/12\\/newsCategories\\/5fc5f99fd1b24.png\",\"300\":\"\\/upload\\/images\\/2020\\/12\\/newsCategories\\/300_5fc5f99fd1b24.png\",\"600\":\"\\/upload\\/images\\/2020\\/12\\/newsCategories\\/600_5fc5f99fd1b24.png\",\"900\":\"\\/upload\\/images\\/2020\\/12\\/newsCategories\\/900_5fc5f99fd1b24.png\"},\"thumb\":\"\\/upload\\/images\\/2020\\/12\\/newsCategories\\/300_5fc5f99fd1b24.png\"}', 'i', 'i', 1, 1, '2020-12-01 04:36:56', '2020-12-01 04:36:56', NULL);

-- --------------------------------------------------------

--
-- Table structure for table `password_resets`
--

CREATE TABLE `password_resets` (
  `email` varchar(191) COLLATE utf8mb4_unicode_ci NOT NULL,
  `token` varchar(191) COLLATE utf8mb4_unicode_ci NOT NULL,
  `created_at` timestamp NULL DEFAULT NULL
) ENGINE=InnoDB DEFAULT CHARSET=utf8mb4 COLLATE=utf8mb4_unicode_ci;

--
-- Dumping data for table `password_resets`
--

INSERT INTO `password_resets` (`email`, `token`, `created_at`) VALUES
('eli5555555eli@gmail.com', '$2y$10$O3xyJAEojzHxpz9AJi/GLuHIGIYUfh.JeNBUdbT7pwczy.q.wDfea', '2020-09-27 09:43:14'),
('rezaie.mehdi555@gmail.com', '$2y$10$BA7uaNABjDTlyCWGer3QZ.iQjPd05Ap0gQMBPr8GJFIYX/giX3Wyy', '2020-11-11 07:42:37'),
('abas.ali999irvani@yahoo.com', '$2y$10$qNCcuRTvARcohKEf79XseOt7ie.cMaokQfwJTZ9Vqot9L2YDE7rsq', '2020-11-11 08:51:28'),
('admin@admin.com', '$2y$10$wALh6JiftUyLV7XYnKj3ne2.6nfkuXyG4JhkOTyayD9gDX6KOYufy', '2020-11-15 02:57:40'),
('09185507245', '47518', '2020-11-16 03:20:02');

-- --------------------------------------------------------

--
-- Table structure for table `products`
--

CREATE TABLE `products` (
  `id` bigint(20) UNSIGNED NOT NULL,
  `title` text CHARACTER SET utf8mb4 COLLATE utf8mb4_unicode_ci NOT NULL,
  `user_id` bigint(20) UNSIGNED NOT NULL,
  `product_categories_id` int(11) NOT NULL,
  `slug` text CHARACTER SET utf8mb4 COLLATE utf8mb4_unicode_ci NOT NULL,
  `description` text CHARACTER SET utf8mb4 COLLATE utf8mb4_unicode_ci DEFAULT NULL,
  `body` text CHARACTER SET utf8mb4 COLLATE utf8mb4_unicode_ci NOT NULL,
  `price` varchar(50) CHARACTER SET utf8mb4 COLLATE utf8mb4_unicode_ci NOT NULL,
  `discount` double NOT NULL DEFAULT 0,
  `type` varchar(50) NOT NULL DEFAULT 'normal',
  `images` text CHARACTER SET utf8mb4 COLLATE utf8mb4_unicode_ci NOT NULL,
  `tags` text CHARACTER SET utf8mb4 COLLATE utf8mb4_unicode_ci NOT NULL,
  `priority` int(11) NOT NULL DEFAULT 0,
  `status` int(11) NOT NULL DEFAULT 0,
  `created_at` timestamp NULL DEFAULT NULL,
  `updated_at` timestamp NULL DEFAULT NULL,
  `deleted_at` timestamp NULL DEFAULT NULL
) ENGINE=InnoDB DEFAULT CHARSET=utf8;

--
-- Dumping data for table `products`
--

INSERT INTO `products` (`id`, `title`, `user_id`, `product_categories_id`, `slug`, `description`, `body`, `price`, `discount`, `type`, `images`, `tags`, `priority`, `status`, `created_at`, `updated_at`, `deleted_at`) VALUES
(18, 'fa==سینک عنوان@@en==sinc title', 1, 10, 'fa-سینک-عنوان-en-sinc-title', 'fa==سینک خلاصه@@en==sinc de', 'fa==سینک متن@@en==sinc body', '12000000', 12, 'normal', '{\"images\":{\"original\":\"\\/upload\\/images\\/2020\\/5\\/products\\/5eac4847984e6.jpg\",\"50\":\"\\/upload\\/images\\/2020\\/5\\/products\\/50_5eac4847984e6.jpg\",\"66\":\"\\/upload\\/images\\/2020\\/5\\/products\\/66_5eac4847984e6.jpg\",\"200\":\"\\/upload\\/images\\/2020\\/5\\/products\\/200_5eac4847984e6.jpg\",\"350\":\"\\/upload\\/images\\/2020\\/5\\/products\\/350_5eac4847984e6.jpg\",\"500\":\"\\/upload\\/images\\/2020\\/5\\/products\\/500_5eac4847984e6.jpg\"},\"thumb\":\"\\/upload\\/images\\/2020\\/5\\/products\\/50_5eac4847984e6.jpg\"}', 'ss', 1, 0, '2020-05-01 05:47:02', '2020-10-25 06:00:35', NULL),
(19, 'fa==سینک ویژه@@en==s vip', 1, 10, 'fa-سینک-ویژه-en-s-vip', 'fa==سینک ویژه خ@@en==svip d', 'fa==سینک ویژه متن@@en==s vip en', '1230000', 20, 'special', '{\"images\":{\"original\":\"\\/upload\\/images\\/2020\\/5\\/products\\/5eac483ee79c3.jpg\",\"50\":\"\\/upload\\/images\\/2020\\/5\\/products\\/50_5eac483ee79c3.jpg\",\"66\":\"\\/upload\\/images\\/2020\\/5\\/products\\/66_5eac483ee79c3.jpg\",\"200\":\"\\/upload\\/images\\/2020\\/5\\/products\\/200_5eac483ee79c3.jpg\",\"350\":\"\\/upload\\/images\\/2020\\/5\\/products\\/350_5eac483ee79c3.jpg\",\"500\":\"\\/upload\\/images\\/2020\\/5\\/products\\/500_5eac483ee79c3.jpg\"},\"thumb\":\"\\/upload\\/images\\/2020\\/5\\/products\\/50_5eac483ee79c3.jpg\"}', 't', 2, 0, '2020-05-01 05:48:30', '2020-10-25 06:00:45', NULL),
(20, 'fa==سینک رو کار@@en==s r t', 1, 11, 'fa-سینک-رو-کار-en-s-r-t', 'fa==سینک رو کار خلاصه@@en==srd', 'fa==سینک رو کار متن@@en==s r b', '20000000', 0, 'normal', '{\"images\":{\"original\":\"\\/upload\\/images\\/2020\\/5\\/products\\/5eac4854258ec.jpg\",\"50\":\"\\/upload\\/images\\/2020\\/5\\/products\\/50_5eac4854258ec.jpg\",\"66\":\"\\/upload\\/images\\/2020\\/5\\/products\\/66_5eac4854258ec.jpg\",\"200\":\"\\/upload\\/images\\/2020\\/5\\/products\\/200_5eac4854258ec.jpg\",\"350\":\"\\/upload\\/images\\/2020\\/5\\/products\\/350_5eac4854258ec.jpg\",\"500\":\"\\/upload\\/images\\/2020\\/5\\/products\\/500_5eac4854258ec.jpg\"},\"thumb\":\"\\/upload\\/images\\/2020\\/5\\/products\\/50_5eac4854258ec.jpg\"}', 'jj', 5, 0, '2020-05-01 05:50:28', '2020-10-25 06:00:54', NULL),
(21, 'fa==سینک تو کار@@en==s t t', 1, 12, 'fa-سینک-تو-کار-en-s-t-t', 'fa==سینک تو کار خلاصه@@en==std', 'fa==سینک تو کار بدنه@@en==stb', '30000000', 0, 'special', '{\"images\":{\"original\":\"\\/upload\\/images\\/2020\\/5\\/products\\/5eac4831ee4f1.jpg\",\"50\":\"\\/upload\\/images\\/2020\\/5\\/products\\/50_5eac4831ee4f1.jpg\",\"66\":\"\\/upload\\/images\\/2020\\/5\\/products\\/66_5eac4831ee4f1.jpg\",\"200\":\"\\/upload\\/images\\/2020\\/5\\/products\\/200_5eac4831ee4f1.jpg\",\"350\":\"\\/upload\\/images\\/2020\\/5\\/products\\/350_5eac4831ee4f1.jpg\",\"500\":\"\\/upload\\/images\\/2020\\/5\\/products\\/500_5eac4831ee4f1.jpg\"},\"thumb\":\"\\/upload\\/images\\/2020\\/5\\/products\\/50_5eac4831ee4f1.jpg\"}', 'ا', 8, 0, '2020-05-01 05:51:48', '2020-10-25 06:01:04', NULL),
(22, 'fa==میلگرد آجدار 10 میانه  شاخه   A3 کارخانه@@en==میلگرد آجدار 10 میانه  شاخه   A3 کارخانه', 1, 20, 'fa-میلگرد-آجدار-10-میانه-شاخه-A3-کارخانه-en-میلگرد-آجدار-10-میانه-شاخه-A3-کارخانه', 'fa==میلگرد آجدار 10 میانه  شاخه   A3 کارخانه@@en==میلگرد آجدار 10 میانه  شاخه   A3 کارخانه', 'fa==میلگرد آجدار 10 میانه  شاخه   A3 کارخانه\r\n\r\nسایز : 10\r\nحالت شاخه : 12 متری\r\nاستاندارد : A3\r\nبرند : میانه\r\nواحد : کیلوگرم@@en==میلگرد آجدار 10 میانه  شاخه   A3 کارخانه\r\n\r\nسایز : 10\r\nحالت شاخه : 12 متری\r\nاستاندارد : A3\r\nبرند : میانه\r\nواحد : کیلوگرم', '134200', 0, 'special', '{\"images\":{\"original\":\"\\/upload\\/images\\/2020\\/10\\/products\\/5f95438dd42e6.jpg\",\"50\":\"\\/upload\\/images\\/2020\\/10\\/products\\/50_5f95438dd42e6.jpg\",\"66\":\"\\/upload\\/images\\/2020\\/10\\/products\\/66_5f95438dd42e6.jpg\",\"200\":\"\\/upload\\/images\\/2020\\/10\\/products\\/200_5f95438dd42e6.jpg\",\"350\":\"\\/upload\\/images\\/2020\\/10\\/products\\/350_5f95438dd42e6.jpg\",\"500\":\"\\/upload\\/images\\/2020\\/10\\/products\\/500_5f95438dd42e6.jpg\"},\"thumb\":\"\\/upload\\/images\\/2020\\/10\\/products\\/50_5f95438dd42e6.jpg\"}', 'میلگرد آجدار 10 میانه  شاخه   A3 کارخانه', 1, 1, '2020-10-25 05:51:18', '2020-10-25 05:51:18', NULL),
(23, 'fa==12میلگرد آجدار کارخانهA3شاخه 12 متری میانه@@en==12میلگرد آجدار کارخانهA3شاخه 12 متری میانه', 1, 20, 'fa-12میلگرد-آجدار-کارخانهA3شاخه-12-متری-میانه-en-12میلگرد-آجدار-کارخانهA3شاخه-12-متری-میانه', 'fa==12میلگرد آجدار کارخانهA3شاخه 12 متری میانه@@en==12میلگرد آجدار کارخانهA3شاخه 12 متری میانه', 'fa==12میلگرد آجدار کارخانهA3شاخه 12 متری میانه\r\n\r\nسایز : 12\r\nحالت شاخه : 12 متری\r\nاستاندارد : A3\r\nبرند : میانه\r\nواحد : کیلوگرم@@en==12میلگرد آجدار کارخانهA3شاخه 12 متری میانه\r\n\r\nسایز : 12\r\nحالت شاخه : 12 متری\r\nاستاندارد : A3\r\nبرند : میانه\r\nواحد : کیلوگرم', '133200', 0, 'normal', '{\"images\":{\"original\":\"\\/upload\\/images\\/2020\\/10\\/products\\/5f954488c7f32.jpg\",\"50\":\"\\/upload\\/images\\/2020\\/10\\/products\\/50_5f954488c7f32.jpg\",\"66\":\"\\/upload\\/images\\/2020\\/10\\/products\\/66_5f954488c7f32.jpg\",\"200\":\"\\/upload\\/images\\/2020\\/10\\/products\\/200_5f954488c7f32.jpg\",\"350\":\"\\/upload\\/images\\/2020\\/10\\/products\\/350_5f954488c7f32.jpg\",\"500\":\"\\/upload\\/images\\/2020\\/10\\/products\\/500_5f954488c7f32.jpg\"},\"thumb\":\"\\/upload\\/images\\/2020\\/10\\/products\\/50_5f954488c7f32.jpg\"}', '133,200', 2, 1, '2020-10-25 05:55:29', '2020-10-25 05:55:29', NULL),
(24, 'fa==میلگرد آجدار 14 میانه  شاخه   A3 کارخانه@@en==میلگرد آجدار 14 میانه  شاخه   A3 کارخانه', 5, 20, 'fa-میلگرد-آجدار-14-میانه-شاخه-A3-کارخانه-en-میلگرد-آجدار-14-میانه-شاخه-A3-کارخانه', 'fa==میلگرد آجدار 14 میانه  شاخه   A3 کارخانه@@en==میلگرد آجدار 14 میانه  شاخه   A3 کارخانه', 'fa==میلگرد آجدار 14 میانه  شاخه   A3 کارخانه\r\n\r\nسایز : 14\r\nحالت شاخه : 12 متری\r\nاستاندارد : A3\r\nبرند : میانه\r\nواحد : کیلوگرم@@en==میلگرد آجدار 14 میانه  شاخه   A3 کارخانه\r\n\r\nسایز : 14\r\nحالت شاخه : 12 متری\r\nاستاندارد : A3\r\nبرند : میانه\r\nواحد : کیلوگرم', '125900', 0, 'offer', '{\"images\":{\"original\":\"\\/upload\\/images\\/2020\\/10\\/products\\/5f9545a28b2de.jpg\",\"50\":\"\\/upload\\/images\\/2020\\/10\\/products\\/50_5f9545a28b2de.jpg\",\"66\":\"\\/upload\\/images\\/2020\\/10\\/products\\/66_5f9545a28b2de.jpg\",\"200\":\"\\/upload\\/images\\/2020\\/10\\/products\\/200_5f9545a28b2de.jpg\",\"350\":\"\\/upload\\/images\\/2020\\/10\\/products\\/350_5f9545a28b2de.jpg\",\"500\":\"\\/upload\\/images\\/2020\\/10\\/products\\/500_5f9545a28b2de.jpg\"},\"thumb\":\"\\/upload\\/images\\/2020\\/10\\/products\\/50_5f9545a28b2de.jpg\"}', '125,900', 1, 1, '2020-10-25 06:00:10', '2020-10-25 06:00:10', NULL),
(25, 'fa==میلگرد آجدار 18 میانه  شاخه   A3 کارخانه@@en==میلگرد آجدار 18 میانه  شاخه   A3 کارخانه', 5, 20, 'fa-میلگرد-آجدار-18-میانه-شاخه-A3-کارخانه-en-میلگرد-آجدار-18-میانه-شاخه-A3-کارخانه', 'fa==میلگرد آجدار 18 میانه  شاخه   A3 کارخانه@@en==میلگرد آجدار 18 میانه  شاخه   A3 کارخانه', 'fa==<p>میلگرد آجدار 18 میانه &nbsp;شاخه &nbsp; A3 کارخانه</p>\r\n\r\n<p>سایز : 18</p>\r\n\r\n<p>حالت شاخه : 12 متری</p>\r\n\r\n<p>استاندارد : A3</p>\r\n\r\n<p>برند : میانه</p>\r\n\r\n<p>واحد : کیلوگرم</p>@@en==<p>میلگرد آجدار 18 میانه &nbsp;شاخه &nbsp; A3 کارخانه</p>\r\n\r\n<p>سایز : 18</p>\r\n\r\n<p>حالت شاخه : 12 متری</p>\r\n\r\n<p>استاندارد : A3</p>\r\n\r\n<p>برند : میانه</p>\r\n\r\n<p>واحد : کیلوگرم</p>', '125900', 0, 'normal', '{\"images\":{\"original\":\"\\/upload\\/images\\/2020\\/10\\/products\\/5f956d1fe826f.jpg\",\"50\":\"\\/upload\\/images\\/2020\\/10\\/products\\/50_5f956d1fe826f.jpg\",\"66\":\"\\/upload\\/images\\/2020\\/10\\/products\\/66_5f956d1fe826f.jpg\",\"200\":\"\\/upload\\/images\\/2020\\/10\\/products\\/200_5f956d1fe826f.jpg\",\"350\":\"\\/upload\\/images\\/2020\\/10\\/products\\/350_5f956d1fe826f.jpg\",\"500\":\"\\/upload\\/images\\/2020\\/10\\/products\\/500_5f956d1fe826f.jpg\"},\"thumb\":\"\\/upload\\/images\\/2020\\/10\\/products\\/50_5f956d1fe826f.jpg\"}', 'میلگرد آجدار 18 میانه  شاخه   A3 کارخانه', 2, 1, '2020-10-25 08:48:40', '2020-10-25 08:48:40', NULL),
(26, 'fa==12میلگرد آجدار کارخانهA3شاخه 12 متری ذوب آهن@@en==12میلگرد آجدار کارخانهA3شاخه 12 متری ذوب آهن', 5, 21, 'fa-12میلگرد-آجدار-کارخانهA3شاخه-12-متری-ذوب-آهن-en-12میلگرد-آجدار-کارخانهA3شاخه-12-متری-ذوب-آهن', 'fa==12میلگرد آجدار کارخانهA3شاخه 12 متری ذوب آهن@@en==12میلگرد آجدار کارخانهA3شاخه 12 متری ذوب آهن', 'fa==<h1>12میلگرد آجدار کارخانهA3شاخه 12 متری&nbsp;ذوب آهن</h1>\r\n\r\n<p>سایز&nbsp;: 12&nbsp; &nbsp;</p>\r\n\r\n<p>حالت شاخه : 12 متری</p>\r\n\r\n<p>استاندارد : A3</p>\r\n\r\n<p>برند : ذوب آهن اصفهان</p>\r\n\r\n<p>واحد : کیلوگرم</p>@@en==<h1>12میلگرد آجدار کارخانهA3شاخه 12 متری&nbsp;ذوب آهن</h1>\r\n\r\n<p>سایز&nbsp;: 12&nbsp; &nbsp;</p>\r\n\r\n<p>حالت شاخه : 12 متری</p>\r\n\r\n<p>استاندارد : A3</p>\r\n\r\n<p>برند : ذوب آهن اصفهان</p>\r\n\r\n<p>واحد : کیلوگرم</p>', '128500', 0, 'special', '{\"images\":{\"original\":\"\\/upload\\/images\\/2020\\/10\\/products\\/5f957f1eb5d64.jpg\",\"50\":\"\\/upload\\/images\\/2020\\/10\\/products\\/50_5f957f1eb5d64.jpg\",\"66\":\"\\/upload\\/images\\/2020\\/10\\/products\\/66_5f957f1eb5d64.jpg\",\"200\":\"\\/upload\\/images\\/2020\\/10\\/products\\/200_5f957f1eb5d64.jpg\",\"350\":\"\\/upload\\/images\\/2020\\/10\\/products\\/350_5f957f1eb5d64.jpg\",\"500\":\"\\/upload\\/images\\/2020\\/10\\/products\\/500_5f957f1eb5d64.jpg\"},\"thumb\":\"\\/upload\\/images\\/2020\\/10\\/products\\/50_5f957f1eb5d64.jpg\"}', '12میلگرد آجدار کارخانهA3شاخه 12 متری ذوب آهن', 2, 1, '2020-10-25 10:05:27', '2020-10-25 10:05:27', NULL),
(27, 'fa==میلگرد آجدار 22 ذوب آهن شاخه A3 کارخانه@@en==میلگرد آجدار 22 ذوب آهن شاخه A3 کارخانه', 5, 21, 'fa-میلگرد-آجدار-22-ذوب-آهن-شاخه-A3-کارخانه-en-میلگرد-آجدار-22-ذوب-آهن-شاخه-A3-کارخانه', 'fa==میلگرد آجدار 22 ذوب آهن شاخه A3 کارخانه@@en==میلگرد آجدار 22 ذوب آهن شاخه A3 کارخانه', 'fa==<h1>میلگرد آجدار 22 ذوب آهن شاخه A3 کارخانه</h1>\r\n\r\n<p>سایز : 22&nbsp;</p>\r\n\r\n<p>حالت شاخه : 12 متری</p>\r\n\r\n<p>استاندارد : A3</p>\r\n\r\n<p>برند : ذوب آهن اصفهان</p>\r\n\r\n<p>واحد : کیلوگرم</p>@@en==<h1>میلگرد آجدار 22 ذوب آهن شاخه A3 کارخانه</h1>\r\n\r\n<p>سایز : 22&nbsp;</p>\r\n\r\n<p>حالت شاخه : 12 متری</p>\r\n\r\n<p>استاندارد : A3</p>\r\n\r\n<p>برند : ذوب آهن اصفهان</p>\r\n\r\n<p>واحد : کیلوگرم</p>', '128500', 0, 'offer', '{\"images\":{\"original\":\"\\/upload\\/images\\/2020\\/10\\/products\\/5f957f932e591.jpg\",\"50\":\"\\/upload\\/images\\/2020\\/10\\/products\\/50_5f957f932e591.jpg\",\"66\":\"\\/upload\\/images\\/2020\\/10\\/products\\/66_5f957f932e591.jpg\",\"200\":\"\\/upload\\/images\\/2020\\/10\\/products\\/200_5f957f932e591.jpg\",\"350\":\"\\/upload\\/images\\/2020\\/10\\/products\\/350_5f957f932e591.jpg\",\"500\":\"\\/upload\\/images\\/2020\\/10\\/products\\/500_5f957f932e591.jpg\"},\"thumb\":\"\\/upload\\/images\\/2020\\/10\\/products\\/50_5f957f932e591.jpg\"}', 'میلگرد آجدار 22 ذوب آهن شاخه A3 کارخانه', 1, 1, '2020-10-25 10:07:23', '2020-10-25 10:10:55', NULL),
(28, 'fa==میلگرد آجدار 32 ذوب آهن  شاخه   A3 کارخانه@@en==میلگرد آجدار 32 ذوب آهن  شاخه   A3 کارخانه', 5, 21, 'fa-میلگرد-آجدار-32-ذوب-آهن-شاخه-A3-کارخانه-en-میلگرد-آجدار-32-ذوب-آهن-شاخه-A3-کارخانه', 'fa==میلگرد آجدار 32 ذوب آهن  شاخه   A3 کارخانه@@en==میلگرد آجدار 32 ذوب آهن  شاخه   A3 کارخانه', 'fa==<h1>میلگرد آجدار&nbsp;32&nbsp;ذوب آهن&nbsp;&nbsp;شاخه&nbsp;&nbsp;&nbsp;A3&nbsp;کارخانه</h1>\r\n\r\n<p>سایز : 32</p>\r\n\r\n<p>حالت شاخه : 12 متری</p>\r\n\r\n<p>استاندارد : A3</p>\r\n\r\n<p>برند&nbsp;: ذوب آهن اصفهان</p>\r\n\r\n<p>واحد : کیلوگرم</p>@@en==<h1>میلگرد آجدار&nbsp;32&nbsp;ذوب آهن&nbsp;&nbsp;شاخه&nbsp;&nbsp;&nbsp;A3&nbsp;کارخانه</h1>\r\n\r\n<p>سایز : 32</p>\r\n\r\n<p>حالت شاخه : 12 متری</p>\r\n\r\n<p>استاندارد : A3</p>\r\n\r\n<p>برند&nbsp;: ذوب آهن اصفهان</p>\r\n\r\n<p>واحد : کیلوگرم</p>', '128500', 0, 'special', '{\"images\":{\"original\":\"\\/upload\\/images\\/2020\\/10\\/products\\/5f958034dc419.jpg\",\"50\":\"\\/upload\\/images\\/2020\\/10\\/products\\/50_5f958034dc419.jpg\",\"66\":\"\\/upload\\/images\\/2020\\/10\\/products\\/66_5f958034dc419.jpg\",\"200\":\"\\/upload\\/images\\/2020\\/10\\/products\\/200_5f958034dc419.jpg\",\"350\":\"\\/upload\\/images\\/2020\\/10\\/products\\/350_5f958034dc419.jpg\",\"500\":\"\\/upload\\/images\\/2020\\/10\\/products\\/500_5f958034dc419.jpg\"},\"thumb\":\"\\/upload\\/images\\/2020\\/10\\/products\\/50_5f958034dc419.jpg\"}', 'میلگرد آجدار 32 ذوب آهن  شاخه   A3 کارخانه', 2, 1, '2020-10-25 10:10:05', '2020-10-25 10:10:05', NULL),
(29, 'fa==8میلگرد آجدار کارخانهA2شاخه 12 متری ظفر بناب@@en==8میلگرد آجدار کارخانهA2شاخه 12 متری ظفر بناب', 5, 22, 'fa-8میلگرد-آجدار-کارخانهA2شاخه-12-متری-ظفر-بناب-en-8میلگرد-آجدار-کارخانهA2شاخه-12-متری-ظفر-بناب', 'fa==8میلگرد آجدار کارخانهA2شاخه 12 متری ظفر بناب@@en==8میلگرد آجدار کارخانهA2شاخه 12 متری ظفر بناب', 'fa==<h1>8میلگرد آجدار کارخانهA2شاخه 12 متری&nbsp;ظفر بناب</h1>\r\n\r\n<p>سایز: 8</p>\r\n\r\n<p>حالت : شاخه 12 متری</p>\r\n\r\n<p>استاندارد : A2</p>\r\n\r\n<p>برند : ظفر بناب</p>\r\n\r\n<p>واحد : کیلوگرم</p>@@en==<h1>8میلگرد آجدار کارخانهA2شاخه 12 متری&nbsp;ظفر بناب</h1>\r\n\r\n<p>سایز: 8</p>\r\n\r\n<p>حالت : شاخه 12 متری</p>\r\n\r\n<p>استاندارد : A2</p>\r\n\r\n<p>برند : ظفر بناب</p>\r\n\r\n<p>واحد : کیلوگرم</p>', '141000', 0, 'offer', '{\"images\":{\"original\":\"\\/upload\\/images\\/2020\\/10\\/products\\/5f96744fd6cd0.jpg\",\"50\":\"\\/upload\\/images\\/2020\\/10\\/products\\/50_5f96744fd6cd0.jpg\",\"66\":\"\\/upload\\/images\\/2020\\/10\\/products\\/66_5f96744fd6cd0.jpg\",\"200\":\"\\/upload\\/images\\/2020\\/10\\/products\\/200_5f96744fd6cd0.jpg\",\"350\":\"\\/upload\\/images\\/2020\\/10\\/products\\/350_5f96744fd6cd0.jpg\",\"500\":\"\\/upload\\/images\\/2020\\/10\\/products\\/500_5f96744fd6cd0.jpg\"},\"thumb\":\"\\/upload\\/images\\/2020\\/10\\/products\\/50_5f96744fd6cd0.jpg\"}', '8میلگرد آجدار کارخانهA2شاخه 12 متری ظفر بناب', 1, 1, '2020-10-26 03:31:38', '2020-10-26 03:31:38', NULL),
(30, 'fa==8میلگرد آجدار کارخانهA2شاخه 12 متری ظفر بناب@@en==8میلگرد آجدار کارخانهA2شاخه 12 متری ظفر بناب', 5, 22, 'fa-8میلگرد-آجدار-کارخانهA2شاخه-12-متری-ظفر-بناب-en-8میلگرد-آجدار-کارخانهA2شاخه-12-متری-ظفر-بناب-1', 'fa==8میلگرد آجدار کارخانهA2شاخه 12 متری ظفر بناب@@en==8میلگرد آجدار کارخانهA2شاخه 12 متری ظفر بناب', 'fa==<h1>8میلگرد آجدار کارخانهA2شاخه 12 متری&nbsp;ظفر بناب</h1>\r\n\r\n<p>سایز: 8</p>\r\n\r\n<p>حالت : شاخه 12 متری</p>\r\n\r\n<p>استاندارد : A2</p>\r\n\r\n<p>برند : ظفر بناب</p>\r\n\r\n<p>واحد : کیلوگرم</p>@@en==<h1>8میلگرد آجدار کارخانهA2شاخه 12 متری&nbsp;ظفر بناب</h1>\r\n\r\n<p>سایز: 8</p>\r\n\r\n<p>حالت : شاخه 12 متری</p>\r\n\r\n<p>استاندارد : A2</p>\r\n\r\n<p>برند : ظفر بناب</p>\r\n\r\n<p>واحد : کیلوگرم</p>', '141000', 0, 'special', '{\"images\":{\"original\":\"\\/upload\\/images\\/2020\\/10\\/products\\/5f96840d40129.jpg\",\"50\":\"\\/upload\\/images\\/2020\\/10\\/products\\/50_5f96840d40129.jpg\",\"66\":\"\\/upload\\/images\\/2020\\/10\\/products\\/66_5f96840d40129.jpg\",\"200\":\"\\/upload\\/images\\/2020\\/10\\/products\\/200_5f96840d40129.jpg\",\"350\":\"\\/upload\\/images\\/2020\\/10\\/products\\/350_5f96840d40129.jpg\",\"500\":\"\\/upload\\/images\\/2020\\/10\\/products\\/500_5f96840d40129.jpg\"},\"thumb\":\"\\/upload\\/images\\/2020\\/10\\/products\\/50_5f96840d40129.jpg\"}', '8میلگرد آجدار کارخانهA2شاخه 12 متری ظفر بناب', 0, 1, '2020-10-26 04:38:47', '2020-10-26 04:38:47', NULL),
(31, 'fa==میلگرد آجدار 28 ظفر بناب شاخه A3 کارخانه@@en==میلگرد آجدار 28 ظفر بناب شاخه A3 کارخانه', 5, 22, 'fa-میلگرد-آجدار-28-ظفر-بناب-شاخه-A3-کارخانه-en-میلگرد-آجدار-28-ظفر-بناب-شاخه-A3-کارخانه', 'fa==میلگرد آجدار 28 ظفر بناب شاخه A3 کارخانه@@en==میلگرد آجدار 28 ظفر بناب شاخه A3 کارخانه', 'fa==<h1>میلگرد آجدار 28 ظفر بناب شاخه A3 کارخانه</h1>\r\n\r\n<p>سایز: 28</p>\r\n\r\n<p>حالت : شاخه 12 متری</p>\r\n\r\n<p>استاندارد : A3</p>\r\n\r\n<p>برند : ظفر بناب</p>\r\n\r\n<p>واحد : کیلوگرم</p>@@en==<h1>میلگرد آجدار 28 ظفر بناب شاخه A3 کارخانه</h1>\r\n\r\n<p>سایز: 28</p>\r\n\r\n<p>حالت : شاخه 12 متری</p>\r\n\r\n<p>استاندارد : A3</p>\r\n\r\n<p>برند : ظفر بناب</p>\r\n\r\n<p>واحد : کیلوگرم</p>', '138000', 0, 'normal', '{\"images\":{\"original\":\"\\/upload\\/images\\/2020\\/10\\/products\\/5f968473801ee.jpg\",\"50\":\"\\/upload\\/images\\/2020\\/10\\/products\\/50_5f968473801ee.jpg\",\"66\":\"\\/upload\\/images\\/2020\\/10\\/products\\/66_5f968473801ee.jpg\",\"200\":\"\\/upload\\/images\\/2020\\/10\\/products\\/200_5f968473801ee.jpg\",\"350\":\"\\/upload\\/images\\/2020\\/10\\/products\\/350_5f968473801ee.jpg\",\"500\":\"\\/upload\\/images\\/2020\\/10\\/products\\/500_5f968473801ee.jpg\"},\"thumb\":\"\\/upload\\/images\\/2020\\/10\\/products\\/50_5f968473801ee.jpg\"}', 'میلگرد آجدار 28 ظفر بناب شاخه A3 کارخانه', 1, 1, '2020-10-26 04:40:27', '2020-10-26 04:40:27', NULL),
(32, 'fa==میلگرد آجدار 25  ظفر بناب  شاخه 12 متری  A3  کارخانه@@en==میلگرد آجدار 25  ظفر بناب  شاخه 12 متری  A3  کارخانه', 5, 22, 'fa-میلگرد-آجدار-25-ظفر-بناب-شاخه-12-متری-A3-کارخانه-en-میلگرد-آجدار-25-ظفر-بناب-شاخه-12-متری-A3-کارخانه', 'fa==میلگرد آجدار 25  ظفر بناب  شاخه 12 متری  A3  کارخانه@@en==میلگرد آجدار 25  ظفر بناب  شاخه 12 متری  A3  کارخانه', 'fa==<h1>میلگرد آجدار&nbsp;25&nbsp; ظفر بناب&nbsp; شاخه 12 متری&nbsp; A3&nbsp; کارخانه</h1>\r\n\r\n<p>سایز: 25</p>\r\n\r\n<p>حالت : شاخه 12 متری</p>\r\n\r\n<p>استاندارد : A3</p>\r\n\r\n<p>برند : ظفر بناب</p>\r\n\r\n<p>واحد : کیلوگرم</p>@@en==<h1>میلگرد آجدار&nbsp;25&nbsp; ظفر بناب&nbsp; شاخه 12 متری&nbsp; A3&nbsp; کارخانه</h1>\r\n\r\n<p>سایز: 25</p>\r\n\r\n<p>حالت : شاخه 12 متری</p>\r\n\r\n<p>استاندارد : A3</p>\r\n\r\n<p>برند : ظفر بناب</p>\r\n\r\n<p>واحد : کیلوگرم</p>', '138000', 0, 'offer', '{\"images\":{\"original\":\"\\/upload\\/images\\/2020\\/10\\/products\\/5f9684cd2fcdb.jpg\",\"50\":\"\\/upload\\/images\\/2020\\/10\\/products\\/50_5f9684cd2fcdb.jpg\",\"66\":\"\\/upload\\/images\\/2020\\/10\\/products\\/66_5f9684cd2fcdb.jpg\",\"200\":\"\\/upload\\/images\\/2020\\/10\\/products\\/200_5f9684cd2fcdb.jpg\",\"350\":\"\\/upload\\/images\\/2020\\/10\\/products\\/350_5f9684cd2fcdb.jpg\",\"500\":\"\\/upload\\/images\\/2020\\/10\\/products\\/500_5f9684cd2fcdb.jpg\"},\"thumb\":\"\\/upload\\/images\\/2020\\/10\\/products\\/50_5f9684cd2fcdb.jpg\"}', 'میلگرد آجدار 25  ظفر بناب  شاخه 12 متری  A3  کارخانه', 0, 1, '2020-10-26 04:41:57', '2020-10-26 04:41:57', NULL),
(33, 'fa==میلگرد آجدار 10  نیشابور  شاخه  A3  کارخانه@@en==میلگرد آجدار 10  نیشابور  شاخه  A3  کارخانه', 5, 23, 'fa-میلگرد-آجدار-10-نیشابور-شاخه-A3-کارخانه-en-میلگرد-آجدار-10-نیشابور-شاخه-A3-کارخانه', 'fa==میلگرد آجدار 10  نیشابور  شاخه  A3  کارخانه@@en==میلگرد آجدار 10  نیشابور  شاخه  A3  کارخانه', 'fa==<h1>میلگرد آجدار&nbsp;10&nbsp; نیشابور&nbsp; شاخه&nbsp; A3&nbsp; کارخانه</h1>\r\n\r\n<p>سایز : 10</p>\r\n\r\n<p>حالت : شاخه 12 متری</p>\r\n\r\n<p>استاندارد : A3</p>\r\n\r\n<p>برند : نیشابور</p>\r\n\r\n<p>واحد : کیلوگرم</p>@@en==<h1>میلگرد آجدار&nbsp;10&nbsp; نیشابور&nbsp; شاخه&nbsp; A3&nbsp; کارخانه</h1>\r\n\r\n<p>سایز : 10</p>\r\n\r\n<p>حالت : شاخه 12 متری</p>\r\n\r\n<p>استاندارد : A3</p>\r\n\r\n<p>برند : نیشابور</p>\r\n\r\n<p>واحد : کیلوگرم</p>', '110900', 0, 'special', '{\"images\":{\"original\":\"\\/upload\\/images\\/2020\\/10\\/products\\/5f9686b2559a8.jpg\",\"50\":\"\\/upload\\/images\\/2020\\/10\\/products\\/50_5f9686b2559a8.jpg\",\"66\":\"\\/upload\\/images\\/2020\\/10\\/products\\/66_5f9686b2559a8.jpg\",\"200\":\"\\/upload\\/images\\/2020\\/10\\/products\\/200_5f9686b2559a8.jpg\",\"350\":\"\\/upload\\/images\\/2020\\/10\\/products\\/350_5f9686b2559a8.jpg\",\"500\":\"\\/upload\\/images\\/2020\\/10\\/products\\/500_5f9686b2559a8.jpg\"},\"thumb\":\"\\/upload\\/images\\/2020\\/10\\/products\\/50_5f9686b2559a8.jpg\"}', 'میلگرد آجدار 10  نیشابور  شاخه  A3  کارخانه', 1, 1, '2020-10-26 04:50:02', '2020-10-26 04:50:02', NULL),
(34, 'fa==12میلگرد آجدار کارخانهA3شاخه 12 متری نیشابور@@en==12میلگرد آجدار کارخانهA3شاخه 12 متری نیشابور', 5, 23, 'fa-12میلگرد-آجدار-کارخانهA3شاخه-12-متری-نیشابور-en-12میلگرد-آجدار-کارخانهA3شاخه-12-متری-نیشابور', 'fa==12میلگرد آجدار کارخانهA3شاخه 12 متری نیشابور@@en==12میلگرد آجدار کارخانهA3شاخه 12 متری نیشابور', 'fa==<h1>12میلگرد آجدار کارخانهA3شاخه 12 متری&nbsp;نیشابور</h1>\r\n\r\n<p>سایز: 12</p>\r\n\r\n<p>حالت : شاخه 12 متری</p>\r\n\r\n<p>استاندارد : A3</p>\r\n\r\n<p>برند : نیشابور</p>\r\n\r\n<p>واحد : کیلوگرم</p>@@en==<h1>12میلگرد آجدار کارخانهA3شاخه 12 متری&nbsp;نیشابور</h1>\r\n\r\n<p>سایز: 12</p>\r\n\r\n<p>حالت : شاخه 12 متری</p>\r\n\r\n<p>استاندارد : A3</p>\r\n\r\n<p>برند : نیشابور</p>\r\n\r\n<p>واحد : کیلوگرم</p>', '131900', 0, 'special', '{\"images\":{\"original\":\"\\/upload\\/images\\/2020\\/10\\/products\\/5f968711ae077.jpg\",\"50\":\"\\/upload\\/images\\/2020\\/10\\/products\\/50_5f968711ae077.jpg\",\"66\":\"\\/upload\\/images\\/2020\\/10\\/products\\/66_5f968711ae077.jpg\",\"200\":\"\\/upload\\/images\\/2020\\/10\\/products\\/200_5f968711ae077.jpg\",\"350\":\"\\/upload\\/images\\/2020\\/10\\/products\\/350_5f968711ae077.jpg\",\"500\":\"\\/upload\\/images\\/2020\\/10\\/products\\/500_5f968711ae077.jpg\"},\"thumb\":\"\\/upload\\/images\\/2020\\/10\\/products\\/50_5f968711ae077.jpg\"}', '12میلگرد آجدار کارخانهA3شاخه 12 متری نیشابور', 1, 1, '2020-10-26 04:51:37', '2020-10-26 04:53:26', NULL),
(35, 'fa==میلگرد آجدار 14 نیشابور شاخه A3 کارخانه@@en==میلگرد آجدار 14 نیشابور شاخه A3 کارخانه', 5, 23, 'fa-میلگرد-آجدار-14-نیشابور-شاخه-A3-کارخانه-en-میلگرد-آجدار-14-نیشابور-شاخه-A3-کارخانه', 'fa==میلگرد آجدار 14 نیشابور شاخه A3 کارخانه@@en==میلگرد آجدار 14 نیشابور شاخه A3 کارخانه', 'fa==<h1>میلگرد آجدار 14 نیشابور شاخه A3 کارخانه</h1>\r\n\r\n<p>سایز: 14</p>\r\n\r\n<p>حالت : شاخه 12 متری</p>\r\n\r\n<p>استاندارد : A3</p>\r\n\r\n<p>برند : نیشابور</p>\r\n\r\n<p>واحد : کیلوگرم</p>@@en==<h1>میلگرد آجدار 14 نیشابور شاخه A3 کارخانه</h1>\r\n\r\n<p>سایز: 14</p>\r\n\r\n<p>حالت : شاخه 12 متری</p>\r\n\r\n<p>استاندارد : A3</p>\r\n\r\n<p>برند : نیشابور</p>\r\n\r\n<p>واحد : کیلوگرم</p>', '120400', 0, 'normal', '{\"images\":{\"original\":\"\\/upload\\/images\\/2020\\/10\\/products\\/5f96876f4a1ac.jpg\",\"50\":\"\\/upload\\/images\\/2020\\/10\\/products\\/50_5f96876f4a1ac.jpg\",\"66\":\"\\/upload\\/images\\/2020\\/10\\/products\\/66_5f96876f4a1ac.jpg\",\"200\":\"\\/upload\\/images\\/2020\\/10\\/products\\/200_5f96876f4a1ac.jpg\",\"350\":\"\\/upload\\/images\\/2020\\/10\\/products\\/350_5f96876f4a1ac.jpg\",\"500\":\"\\/upload\\/images\\/2020\\/10\\/products\\/500_5f96876f4a1ac.jpg\"},\"thumb\":\"\\/upload\\/images\\/2020\\/10\\/products\\/50_5f96876f4a1ac.jpg\"}', 'میلگرد آجدار 14 نیشابور شاخه A3 کارخانه', 1, 1, '2020-10-26 04:53:11', '2020-10-26 04:53:11', NULL),
(36, 'fa==میلگرد آجدار 16 نیشابور شاخه A3 بنگاه تهران@@en==میلگرد آجدار 16 نیشابور شاخه A3 بنگاه تهران', 5, 23, 'fa-میلگرد-آجدار-16-نیشابور-شاخه-A3-بنگاه-تهران-en-میلگرد-آجدار-16-نیشابور-شاخه-A3-بنگاه-تهران', 'fa==میلگرد آجدار 16 نیشابور شاخه A3 بنگاه تهران@@en==میلگرد آجدار 16 نیشابور شاخه A3 بنگاه تهران', 'fa==<h1>میلگرد آجدار 16 نیشابور شاخه A3 بنگاه تهران</h1>\r\n\r\n<p>&nbsp;</p>\r\n\r\n<p>سایز : 16</p>\r\n\r\n<p>حالت : شاخه</p>\r\n\r\n<p>استاندارد : A3</p>\r\n\r\n<p>برند : نیشابور</p>\r\n\r\n<p>واحد : کیلوگرم</p>@@en==<h1>میلگرد آجدار 16 نیشابور شاخه A3 بنگاه تهران</h1>\r\n\r\n<p>&nbsp;</p>\r\n\r\n<p>سایز : 16</p>\r\n\r\n<p>حالت : شاخه</p>\r\n\r\n<p>استاندارد : A3</p>\r\n\r\n<p>برند : نیشابور</p>\r\n\r\n<p>واحد : کیلوگرم</p>', '128500', 0, 'offer', '{\"images\":{\"original\":\"\\/upload\\/images\\/2020\\/10\\/products\\/5f96b9415e74e.jpg\",\"50\":\"\\/upload\\/images\\/2020\\/10\\/products\\/50_5f96b9415e74e.jpg\",\"66\":\"\\/upload\\/images\\/2020\\/10\\/products\\/66_5f96b9415e74e.jpg\",\"200\":\"\\/upload\\/images\\/2020\\/10\\/products\\/200_5f96b9415e74e.jpg\",\"350\":\"\\/upload\\/images\\/2020\\/10\\/products\\/350_5f96b9415e74e.jpg\",\"500\":\"\\/upload\\/images\\/2020\\/10\\/products\\/500_5f96b9415e74e.jpg\"},\"thumb\":\"\\/upload\\/images\\/2020\\/10\\/products\\/50_5f96b9415e74e.jpg\"}', 'میلگرد آجدار 16 نیشابور شاخه A3 بنگاه تهران', 1, 1, '2020-10-26 08:25:47', '2020-10-26 08:25:47', NULL);

-- --------------------------------------------------------

--
-- Table structure for table `product_categories`
--

CREATE TABLE `product_categories` (
  `id` bigint(20) UNSIGNED NOT NULL,
  `title` text CHARACTER SET utf8mb4 COLLATE utf8mb4_unicode_ci NOT NULL,
  `slug` text CHARACTER SET utf8mb4 COLLATE utf8mb4_unicode_ci NOT NULL,
  `user_id` bigint(20) UNSIGNED NOT NULL,
  `description` text CHARACTER SET utf8mb4 COLLATE utf8mb4_unicode_ci DEFAULT NULL,
  `body` text CHARACTER SET utf8mb4 COLLATE utf8mb4_unicode_ci DEFAULT NULL,
  `parent_id` int(11) NOT NULL DEFAULT 0,
  `images` text CHARACTER SET utf8mb4 COLLATE utf8mb4_unicode_ci DEFAULT NULL,
  `tags` text CHARACTER SET utf8mb4 COLLATE utf8mb4_unicode_ci DEFAULT NULL,
  `icon` text CHARACTER SET utf8mb4 COLLATE utf8mb4_unicode_ci DEFAULT NULL,
  `priority` int(11) NOT NULL DEFAULT 0,
  `status` int(11) NOT NULL DEFAULT 0,
  `created_at` timestamp NULL DEFAULT NULL,
  `updated_at` timestamp NULL DEFAULT NULL,
  `deleted_at` timestamp NULL DEFAULT NULL
) ENGINE=InnoDB DEFAULT CHARSET=utf8;

--
-- Dumping data for table `product_categories`
--

INSERT INTO `product_categories` (`id`, `title`, `slug`, `user_id`, `description`, `body`, `parent_id`, `images`, `tags`, `icon`, `priority`, `status`, `created_at`, `updated_at`, `deleted_at`) VALUES
(1, 'sef', 'sef', 1, 'srf', 'sr', 1, '[]', 'r', 'e', 1, 1, '2020-04-17 10:22:39', '2020-04-17 10:43:46', '2020-04-17 10:43:46'),
(2, 'fa==qq@@en==q', 'fa-qq-en-q', 1, 'fa==sdf@@en==s', 'fa==sdfsdf@@en==sdf', 0, '{\"images\":{\"original\":\"\\/upload\\/images\\/2020\\/4\\/product\\/5ea092ff74044.png\",\"300\":\"\\/upload\\/images\\/2020\\/4\\/product\\/300_5ea092ff74044.png\",\"600\":\"\\/upload\\/images\\/2020\\/4\\/product\\/600_5ea092ff74044.png\",\"900\":\"\\/upload\\/images\\/2020\\/4\\/product\\/900_5ea092ff74044.png\"},\"thumb\":\"\\/upload\\/images\\/2020\\/4\\/product\\/300_5ea092ff74044.png\"}', 'sdf', 'sdf', 1, 1, '2020-04-17 10:32:22', '2020-04-23 04:43:32', '2020-04-23 04:43:32'),
(3, 'fa==aa@@en==ee', 'fa-aa-en-ee', 1, 'fa==a@@en==e', 'fa==aaaaaaaaaaa@@en==eeeeeeeeeee', 0, '{}', 'e', 'e', 1, 1, '2020-04-22 14:02:38', '2020-04-22 14:09:51', '2020-04-22 14:09:51'),
(4, 'fa==ت@@en==t', 'fa-ت-en-t', 1, 'fa==تست@@en==test', 'fa==تست م@@en==test b', 0, '{}', 'ت', '1', 1, 1, '2020-04-22 14:11:55', '2020-04-23 04:43:34', '2020-04-23 04:43:34'),
(5, 'fa==همه سرویس ها@@en==eeeee', 'fa-همه-سرویس-ها-en-eeeee', 1, 'fa==ههه@@en==eeeeeeee', 'fa==هههههه@@en==eee', 1, '{}', 'e', 'e', 1, 1, '2020-04-22 14:17:12', '2020-04-23 04:43:36', '2020-04-23 04:43:36'),
(6, 'fa==e@@en==ee', 'fa-e-en-ee', 1, 'fa==f@@en==ff', 'fa==r@@en==rr', 0, '{\"images\":{\"original\":\"\\/upload\\/images\\/2020\\/4\\/productCategories\\/5ea09365e5572.jpg\",\"300\":\"\\/upload\\/images\\/2020\\/4\\/productCategories\\/300_5ea09365e5572.jpg\",\"600\":\"\\/upload\\/images\\/2020\\/4\\/productCategories\\/600_5ea09365e5572.jpg\",\"900\":\"\\/upload\\/images\\/2020\\/4\\/productCategories\\/900_5ea09365e5572.jpg\"},\"thumb\":\"\\/upload\\/images\\/2020\\/4\\/productCategories\\/300_5ea09365e5572.jpg\"}', 'e', 'e', 1, 1, '2020-04-22 14:26:27', '2020-04-23 04:43:38', '2020-04-23 04:43:38'),
(7, 'fa==چینی و بهداشتی@@en==Chinese and sanitary', 'fa-چینی-و-بهداشتی-en-Chinese-and-sanitary', 1, 'fa==چینی و بهداشتی@@en==Chinese and sanitary', 'fa==چینی و بهداشتی@@en==Chinese and sanitary', 0, '{\"images\":{\"original\":\"\\/upload\\/images\\/2020\\/4\\/productCategories\\/5ea15cc1f1295.png\",\"300\":\"\\/upload\\/images\\/2020\\/4\\/productCategories\\/300_5ea15cc1f1295.png\",\"600\":\"\\/upload\\/images\\/2020\\/4\\/productCategories\\/600_5ea15cc1f1295.png\",\"900\":\"\\/upload\\/images\\/2020\\/4\\/productCategories\\/900_5ea15cc1f1295.png\"},\"thumb\":\"\\/upload\\/images\\/2020\\/4\\/productCategories\\/300_5ea15cc1f1295.png\"}', 'Chinese and sanitary', 'e', 1, 0, '2020-04-23 04:45:46', '2020-10-25 06:13:01', NULL),
(8, 'fa==روشویی@@en==wash basin', 'fa-روشویی-en-wash-basin', 1, 'fa==روشویی@@en==wash basin', 'fa==روشویی@@en==wash basin', 0, '{\"images\":{\"original\":\"\\/upload\\/images\\/2020\\/4\\/productCategories\\/5ea15d4a284b6.png\",\"300\":\"\\/upload\\/images\\/2020\\/4\\/productCategories\\/300_5ea15d4a284b6.png\",\"600\":\"\\/upload\\/images\\/2020\\/4\\/productCategories\\/600_5ea15d4a284b6.png\",\"900\":\"\\/upload\\/images\\/2020\\/4\\/productCategories\\/900_5ea15d4a284b6.png\"},\"thumb\":\"\\/upload\\/images\\/2020\\/4\\/productCategories\\/300_5ea15d4a284b6.png\"}', 'wash basin', 'wash basin', 1, 0, '2020-04-23 04:48:02', '2020-10-25 06:13:10', NULL),
(9, 'fa==کالای آشپزخانه@@en==Kitchen goods', 'fa-کالای-آشپزخانه-en-Kitchen-goods', 1, 'fa==کالای آشپزخانه@@en==Kitchen goods', 'fa==کالای آشپزخانه@@en==Kitchen goods', 0, '{\"images\":{\"original\":\"\\/upload\\/images\\/2020\\/4\\/productCategories\\/5ea161734b234.jpg\",\"300\":\"\\/upload\\/images\\/2020\\/4\\/productCategories\\/300_5ea161734b234.jpg\",\"600\":\"\\/upload\\/images\\/2020\\/4\\/productCategories\\/600_5ea161734b234.jpg\",\"900\":\"\\/upload\\/images\\/2020\\/4\\/productCategories\\/900_5ea161734b234.jpg\"},\"thumb\":\"\\/upload\\/images\\/2020\\/4\\/productCategories\\/300_5ea161734b234.jpg\"}', 'Kitchen goods', 'Kitchen goods', 1, 0, '2020-04-23 05:05:47', '2020-10-25 06:13:57', NULL),
(10, 'fa==سینک@@en==Kitchen sink', 'fa-سینک-en-Kitchen-sink', 1, 'fa==سینک@@en==Kitchen sink', 'fa==سینک@@en==Kitchen sink', 9, '{\"images\":{\"original\":\"\\/upload\\/images\\/2020\\/4\\/productCategories\\/5ea161b95e3ca.png\",\"300\":\"\\/upload\\/images\\/2020\\/4\\/productCategories\\/300_5ea161b95e3ca.png\",\"600\":\"\\/upload\\/images\\/2020\\/4\\/productCategories\\/600_5ea161b95e3ca.png\",\"900\":\"\\/upload\\/images\\/2020\\/4\\/productCategories\\/900_5ea161b95e3ca.png\"},\"thumb\":\"\\/upload\\/images\\/2020\\/4\\/productCategories\\/300_5ea161b95e3ca.png\"}', 'Kitchen sink', 'Kitchen sink', 1, 1, '2020-04-23 05:06:57', '2020-04-23 05:06:57', NULL),
(11, 'fa==سینک روکار@@en==Surface sink', 'fa-سینک-روکار-en-Surface-sink', 1, 'fa==سینک روکار@@en==Surface sink', 'fa==سینک روکار@@en==Surface sink', 10, '{\"images\":{\"original\":\"\\/upload\\/images\\/2020\\/4\\/productCategories\\/5ea161fcc1a1f.png\",\"300\":\"\\/upload\\/images\\/2020\\/4\\/productCategories\\/300_5ea161fcc1a1f.png\",\"600\":\"\\/upload\\/images\\/2020\\/4\\/productCategories\\/600_5ea161fcc1a1f.png\",\"900\":\"\\/upload\\/images\\/2020\\/4\\/productCategories\\/900_5ea161fcc1a1f.png\"},\"thumb\":\"\\/upload\\/images\\/2020\\/4\\/productCategories\\/300_5ea161fcc1a1f.png\"}', 'Surface sink', 'Surface sink', 1, 1, '2020-04-23 05:08:05', '2020-04-23 05:08:05', NULL),
(12, 'fa==سینک توکار@@en==Built-in sink', 'fa-سینک-توکار-en-Built-in-sink', 1, 'fa==سینک توکار@@en==Built-in sink', 'fa==سینک توکار@@en==Built-in sink', 10, '{\"images\":{\"original\":\"\\/upload\\/images\\/2020\\/4\\/productCategories\\/5ea16232c9098.png\",\"300\":\"\\/upload\\/images\\/2020\\/4\\/productCategories\\/300_5ea16232c9098.png\",\"600\":\"\\/upload\\/images\\/2020\\/4\\/productCategories\\/600_5ea16232c9098.png\",\"900\":\"\\/upload\\/images\\/2020\\/4\\/productCategories\\/900_5ea16232c9098.png\"},\"thumb\":\"\\/upload\\/images\\/2020\\/4\\/productCategories\\/300_5ea16232c9098.png\"}', 'سینک توکار', 'سینک توکار', 1, 1, '2020-04-23 05:08:59', '2020-04-23 05:08:59', NULL),
(13, 'fa==هود@@en==Hood', 'fa-هود-en-Hood', 1, 'fa==هود@@en==Hood', 'fa==هود@@en==Hood', 9, '{\"images\":{\"original\":\"\\/upload\\/images\\/2020\\/4\\/productCategories\\/5ea162886b020.png\",\"300\":\"\\/upload\\/images\\/2020\\/4\\/productCategories\\/300_5ea162886b020.png\",\"600\":\"\\/upload\\/images\\/2020\\/4\\/productCategories\\/600_5ea162886b020.png\",\"900\":\"\\/upload\\/images\\/2020\\/4\\/productCategories\\/900_5ea162886b020.png\"},\"thumb\":\"\\/upload\\/images\\/2020\\/4\\/productCategories\\/300_5ea162886b020.png\"}', 'Hood', 'i', 1, 1, '2020-04-23 05:10:24', '2020-04-23 05:10:24', NULL),
(14, 'fa==فر@@en==the oven', 'fa-فر-en-the-oven', 1, 'fa==فر@@en==the oven', 'fa==فر@@en==the oven', 9, '{\"images\":{\"original\":\"\\/upload\\/images\\/2020\\/4\\/productCategories\\/5ea162b285cd1.png\",\"300\":\"\\/upload\\/images\\/2020\\/4\\/productCategories\\/300_5ea162b285cd1.png\",\"600\":\"\\/upload\\/images\\/2020\\/4\\/productCategories\\/600_5ea162b285cd1.png\",\"900\":\"\\/upload\\/images\\/2020\\/4\\/productCategories\\/900_5ea162b285cd1.png\"},\"thumb\":\"\\/upload\\/images\\/2020\\/4\\/productCategories\\/300_5ea162b285cd1.png\"}', 'the oven', 'i', 1, 1, '2020-04-23 05:11:06', '2020-04-23 05:11:06', NULL),
(15, 'fa==لوله و اتصالات@@en==Pipes and fittings', 'fa-لوله-و-اتصالات-en-Pipes-and-fittings', 1, 'fa==لوله و اتصالات@@en==Pipes and fittings', 'fa==لوله و اتصالات@@en==Pipes and fittings', 0, '{\"images\":{\"original\":\"\\/upload\\/images\\/2020\\/4\\/productCategories\\/5ea162de74ebe.png\",\"300\":\"\\/upload\\/images\\/2020\\/4\\/productCategories\\/300_5ea162de74ebe.png\",\"600\":\"\\/upload\\/images\\/2020\\/4\\/productCategories\\/600_5ea162de74ebe.png\",\"900\":\"\\/upload\\/images\\/2020\\/4\\/productCategories\\/900_5ea162de74ebe.png\"},\"thumb\":\"\\/upload\\/images\\/2020\\/4\\/productCategories\\/300_5ea162de74ebe.png\"}', 'لوله و اتصالات', 'i', 1, 0, '2020-04-23 05:11:50', '2020-10-25 06:13:36', NULL),
(16, 'fa==پنج لایه@@en==Five layers', 'fa-پنج-لایه-en-Five-layers', 1, 'fa==پنج لایه@@en==Five layers', 'fa==پنج لایه@@en==Five layers', 15, '{\"images\":{\"original\":\"\\/upload\\/images\\/2020\\/4\\/productCategories\\/5ea1631eeb22f.png\",\"300\":\"\\/upload\\/images\\/2020\\/4\\/productCategories\\/300_5ea1631eeb22f.png\",\"600\":\"\\/upload\\/images\\/2020\\/4\\/productCategories\\/600_5ea1631eeb22f.png\",\"900\":\"\\/upload\\/images\\/2020\\/4\\/productCategories\\/900_5ea1631eeb22f.png\"},\"thumb\":\"\\/upload\\/images\\/2020\\/4\\/productCategories\\/300_5ea1631eeb22f.png\"}', 'Five layers', 'i', 1, 1, '2020-04-23 05:12:55', '2020-04-23 05:12:55', NULL),
(17, 'fa==لوله های فلزی@@en==Metal pipes', 'fa-لوله-های-فلزی-en-Metal-pipes', 1, 'fa==لوله های فلزی@@en==Metal pipes', 'fa==لوله های فلزی@@en==Metal pipes', 15, '[]', 'لوله های فلزی', 'i', 1, 1, '2020-04-23 05:17:02', '2020-04-23 05:17:02', NULL),
(18, 'fa==آهن@@en==آهن', 'fa-آهن-en-آهن', 5, 'fa==آهن@@en==آهن', 'fa==آهن@@en==آهن', 0, '{\"images\":{\"original\":\"\\/upload\\/images\\/2020\\/10\\/productCategories\\/5f954123dd0d3.jpg\",\"300\":\"\\/upload\\/images\\/2020\\/10\\/productCategories\\/300_5f954123dd0d3.jpg\",\"600\":\"\\/upload\\/images\\/2020\\/10\\/productCategories\\/600_5f954123dd0d3.jpg\",\"900\":\"\\/upload\\/images\\/2020\\/10\\/productCategories\\/900_5f954123dd0d3.jpg\"},\"thumb\":\"\\/upload\\/images\\/2020\\/10\\/productCategories\\/300_5f954123dd0d3.jpg\"}', 'آهن', 'i', 1, 1, '2020-10-25 05:41:00', '2020-10-25 05:41:00', NULL),
(19, 'fa==میلگرد@@en==میلگرد', 'fa-میلگرد-en-میلگرد', 5, 'fa==میلگرد@@en==میلگرد', 'fa==میلگرد@@en==میلگرد', 18, '{\"images\":{\"original\":\"\\/upload\\/images\\/2020\\/10\\/productCategories\\/5f9541773a1db.jpg\",\"300\":\"\\/upload\\/images\\/2020\\/10\\/productCategories\\/300_5f9541773a1db.jpg\",\"600\":\"\\/upload\\/images\\/2020\\/10\\/productCategories\\/600_5f9541773a1db.jpg\",\"900\":\"\\/upload\\/images\\/2020\\/10\\/productCategories\\/900_5f9541773a1db.jpg\"},\"thumb\":\"\\/upload\\/images\\/2020\\/10\\/productCategories\\/300_5f9541773a1db.jpg\"}', 'میلگرد', 'i', 1, 1, '2020-10-25 05:42:23', '2020-10-25 05:42:23', NULL),
(20, 'fa==میلگرد میانه@@en==میلگرد میانه', 'fa-میلگرد-میانه-en-میلگرد-میانه', 5, 'fa==میلگرد میانه@@en==میلگرد میانه', 'fa==میلگرد میانه@@en==میلگرد میانه', 19, '{\"images\":{\"original\":\"\\/upload\\/images\\/2020\\/10\\/productCategories\\/5f9541f808ddf.jpg\",\"300\":\"\\/upload\\/images\\/2020\\/10\\/productCategories\\/300_5f9541f808ddf.jpg\",\"600\":\"\\/upload\\/images\\/2020\\/10\\/productCategories\\/600_5f9541f808ddf.jpg\",\"900\":\"\\/upload\\/images\\/2020\\/10\\/productCategories\\/900_5f9541f808ddf.jpg\"},\"thumb\":\"\\/upload\\/images\\/2020\\/10\\/productCategories\\/300_5f9541f808ddf.jpg\"}', 'میلگرد میانه', 'i', 1, 1, '2020-10-25 05:44:32', '2020-10-25 05:44:32', NULL),
(21, 'fa==میلگرد ذوب آهن اصفهان@@en==میلگرد ذوب آهن اصفهان', 'fa-میلگرد-ذوب-آهن-اصفهان-en-میلگرد-ذوب-آهن-اصفهان', 5, 'fa==میلگرد ذوب آهن اصفهان@@en==میلگرد ذوب آهن اصفهان', 'fa==میلگرد ذوب آهن اصفهان@@en==میلگرد ذوب آهن اصفهان', 19, '{\"images\":{\"original\":\"\\/upload\\/images\\/2020\\/10\\/productCategories\\/5f954247a232c.jpg\",\"300\":\"\\/upload\\/images\\/2020\\/10\\/productCategories\\/300_5f954247a232c.jpg\",\"600\":\"\\/upload\\/images\\/2020\\/10\\/productCategories\\/600_5f954247a232c.jpg\",\"900\":\"\\/upload\\/images\\/2020\\/10\\/productCategories\\/900_5f954247a232c.jpg\"},\"thumb\":\"\\/upload\\/images\\/2020\\/10\\/productCategories\\/300_5f954247a232c.jpg\"}', 'میلگرد ذوب آهن اصفهان', 'i', 1, 1, '2020-10-25 05:45:52', '2020-10-25 05:46:13', NULL),
(22, 'fa==میلگرد ظفر بناب@@en==میلگرد ظفر بناب', 'fa-میلگرد-ظفر-بناب-en-میلگرد-ظفر-بناب', 5, 'fa==میلگرد ظفر بناب@@en==میلگرد ظفر بناب', 'fa==میلگرد ظفر بناب@@en==میلگرد ظفر بناب', 19, '{\"images\":{\"original\":\"\\/upload\\/images\\/2020\\/10\\/productCategories\\/5f95428e43689.jpg\",\"300\":\"\\/upload\\/images\\/2020\\/10\\/productCategories\\/300_5f95428e43689.jpg\",\"600\":\"\\/upload\\/images\\/2020\\/10\\/productCategories\\/600_5f95428e43689.jpg\",\"900\":\"\\/upload\\/images\\/2020\\/10\\/productCategories\\/900_5f95428e43689.jpg\"},\"thumb\":\"\\/upload\\/images\\/2020\\/10\\/productCategories\\/300_5f95428e43689.jpg\"}', 'میلگرد ظفر بناب', 'i', 1, 1, '2020-10-25 05:47:02', '2020-10-25 05:47:02', NULL),
(23, 'fa==میلگرد نیشابور@@en==میلگرد نیشابور', 'fa-میلگرد-نیشابور-en-میلگرد-نیشابور', 5, 'fa==میلگرد نیشابور@@en==میلگرد نیشابور', 'fa==<p>میلگرد نیشابور</p>@@en==<p>میلگرد نیشابور</p>', 19, '{\"images\":{\"original\":\"\\/upload\\/images\\/2020\\/10\\/productCategories\\/5f9686476b44d.jpg\",\"300\":\"\\/upload\\/images\\/2020\\/10\\/productCategories\\/300_5f9686476b44d.jpg\",\"600\":\"\\/upload\\/images\\/2020\\/10\\/productCategories\\/600_5f9686476b44d.jpg\",\"900\":\"\\/upload\\/images\\/2020\\/10\\/productCategories\\/900_5f9686476b44d.jpg\"},\"thumb\":\"\\/upload\\/images\\/2020\\/10\\/productCategories\\/300_5f9686476b44d.jpg\"}', 'میلگرد نیشابور', 'i', 1, 1, '2020-10-26 04:48:15', '2020-10-26 04:48:15', NULL),
(24, 'حفظ', 'حفظ', 40, 'حفظ تخصصی کل قرآن', '<p dir=\"RTL\" style=\"text-align:right\"><span style=\"font-size:11pt\"><span style=\"font-family:Calibri,sans-serif\"><span style=\"font-size:14.0pt\"><span style=\"font-family:&quot;Arial&quot;,sans-serif\">حفظ تخصصی کل قرآن در 1 سال، حفظ تخصصی کل قرآن در 2 سال، حفظ تخصصی کل قرآن در 3 سال، حفظ تخصصی کل قرآن در 4 سال، حفظ تخصصی کل قرآن در 5 سال و بیشتر، حفظ ترتیبی (ویژه افراد با مشغله متوسط، حفظ سوره به سوره (ویژه افراد با مشغله زیاد، تثبیت و مرور حفظ، حفظ موضوعی به همراه تفسیر ، حفظ ویژه خردسالان</span></span></span></span></p>', 0, '{\"images\":{\"original\":\"\\/upload\\/images\\/2020\\/12\\/productCategories\\/5fc797c834831.png\",\"300\":\"\\/upload\\/images\\/2020\\/12\\/productCategories\\/300_5fc797c834831.png\",\"600\":\"\\/upload\\/images\\/2020\\/12\\/productCategories\\/600_5fc797c834831.png\",\"900\":\"\\/upload\\/images\\/2020\\/12\\/productCategories\\/900_5fc797c834831.png\"},\"thumb\":\"\\/upload\\/images\\/2020\\/12\\/productCategories\\/300_5fc797c834831.png\"}', 'حفظ تخصصی کل قرآن', NULL, 1, 1, '2020-12-02 10:04:00', '2020-12-02 10:09:02', '2020-12-02 10:09:02'),
(25, 'حفظ تخصصی کل قرآن در 1 سال', 'حفظ-تخصصی-کل-قرآن-در-1-سال', 40, 'حفظ تخصصی کل قرآن در 1 سال', '<p dir=\"RTL\" style=\"text-align:right\"><span style=\"font-size:11pt\"><span style=\"font-family:Calibri,sans-serif\"><span style=\"font-size:14.0pt\"><span style=\"font-family:&quot;Arial&quot;,sans-serif\">در این طرح، علاقه مندان می توانند، در یک سال حافظ کل قرآن شده و در کنار حفظ با ترجمه و تفسیر آیات از یک سو و تجوید و صوت و لحن از سوی دیگر، آشنا گردند.</span></span></span></span></p>\r\n\r\n<p dir=\"RTL\" style=\"text-align:right\"><span style=\"font-size:11pt\"><span style=\"font-family:Calibri,sans-serif\"><span style=\"font-size:14.0pt\"><span style=\"font-family:&quot;Arial&quot;,sans-serif\">شرح مختصری از این طرح این است که در هفته اول قرآن آموزان روزانه نیم صفحه را با کمک استاد، حفظ نموده و این روند در هفته دوم یک صفحه و هفته سوم یک صفحه و نیم شده و از هفته چهارم به بعد روزانه بایستی دو صفحه از مصحف شریف را در جان خود به ودیعه بسپارند.</span></span></span></span></p>\r\n\r\n<p dir=\"RTL\" style=\"text-align:right\"><span style=\"font-size:11pt\"><span style=\"font-family:Calibri,sans-serif\"><span style=\"font-size:14.0pt\"><span style=\"font-family:&quot;Arial&quot;,sans-serif\">گفتنی است که این طرح ویژه افراد مجرد 14 تا 28 سال بوده و نیازمند زمانی شبانه روزی می باشد. </span></span></span></span></p>', 0, '{\"images\":{\"original\":\"\\/upload\\/images\\/2020\\/12\\/productCategories\\/5fc7982428b13.png\",\"300\":\"\\/upload\\/images\\/2020\\/12\\/productCategories\\/300_5fc7982428b13.png\",\"600\":\"\\/upload\\/images\\/2020\\/12\\/productCategories\\/600_5fc7982428b13.png\",\"900\":\"\\/upload\\/images\\/2020\\/12\\/productCategories\\/900_5fc7982428b13.png\"},\"thumb\":\"\\/upload\\/images\\/2020\\/12\\/productCategories\\/300_5fc7982428b13.png\"}', 'حفظ تخصصی کل قرآن در 1 سال', NULL, 1, 1, '2020-12-02 10:05:32', '2020-12-02 10:08:56', '2020-12-02 10:08:56');

-- --------------------------------------------------------

--
-- Table structure for table `product_images`
--

CREATE TABLE `product_images` (
  `id` bigint(20) UNSIGNED NOT NULL,
  `product_id` bigint(20) UNSIGNED NOT NULL,
  `images` text CHARACTER SET utf8 DEFAULT NULL,
  `priority` int(11) NOT NULL DEFAULT 0,
  `status` int(11) NOT NULL DEFAULT 0,
  `created_at` timestamp NULL DEFAULT NULL,
  `updated_at` timestamp NULL DEFAULT NULL,
  `deleted_at` timestamp NULL DEFAULT NULL
) ENGINE=InnoDB DEFAULT CHARSET=utf8mb4 COLLATE=utf8mb4_unicode_ci;

-- --------------------------------------------------------

--
-- Table structure for table `provinces`
--

CREATE TABLE `provinces` (
  `id` int(10) UNSIGNED NOT NULL,
  `name` varchar(64) COLLATE utf8mb4_unicode_ci NOT NULL,
  `en_name` varchar(64) COLLATE utf8mb4_unicode_ci DEFAULT NULL,
  `area_code` tinyint(3) UNSIGNED DEFAULT NULL,
  `latitude` decimal(10,8) DEFAULT NULL,
  `longitude` decimal(11,8) DEFAULT NULL,
  `approved` tinyint(1) NOT NULL DEFAULT 1
) ENGINE=InnoDB DEFAULT CHARSET=utf8mb4 COLLATE=utf8mb4_unicode_ci;

--
-- Dumping data for table `provinces`
--

INSERT INTO `provinces` (`id`, `name`, `en_name`, `area_code`, `latitude`, `longitude`, `approved`) VALUES
(1, 'آذربایجان شرقی', 'East Azerbaijan', 41, '37.97082910', '45.62582760', 1),
(2, 'آذربایجان غربی', 'West Azerbaijan', 44, '37.85371490', '43.44866590', 1),
(3, 'اردبیل', 'Ardabil', 45, '38.26669610', '48.27099320', 1),
(4, 'اصفهان', 'Isfahan', 31, '32.66221110', '51.54694070', 1),
(5, 'البرز', 'Alborz', 26, '36.02298310', '50.55685820', 1),
(6, 'ایلام', 'Ilam', 84, '33.63691930', '46.39649800', 1),
(7, 'بوشهر', 'Bushehr', 77, '28.91090220', '50.83002140', 1),
(8, 'تهران', 'Tehran', 21, '35.69673300', '51.20973350', 1),
(9, 'چهارمحال و بختیاری', 'Chaharmahal and Bakhtiari', 38, '31.90539810', '49.99617030', 1),
(10, 'خراسان جنوبی', 'South Khorasan', 56, '32.75699190', '55.98188210', 1),
(11, 'خراسان رضوی', 'Razavi Khorasan', 51, '35.57459830', '56.63584140', 1),
(12, 'خراسان شمالی', 'North Khorasan', 58, '37.43932840', '55.97495040', 1),
(13, 'خوزستان', 'Khuzestan', 61, '31.51309870', '47.88873790', 1),
(14, 'زنجان', 'Zanjan', 24, '36.68100000', '48.42318290', 1),
(15, 'سمنان', 'Semnan', 23, '35.57766970', '53.34909380', 1),
(16, 'سیستان و بلوچستان', 'Sistan and Baluchestan', 54, '28.24860330', '58.81079620', 1),
(17, 'فارس', 'Fars', 71, '29.44176370', '50.85564210', 1),
(18, 'قزوین', 'Qazvin', 28, '36.28133810', '49.94664540', 1),
(19, 'قم', 'Qom', 25, '34.68878450', '50.71197920', 1),
(20, 'كردستان', 'Kurdistan', 87, '35.63136750', '45.74418520', 1),
(21, 'كرمان', 'Kerman', 34, '30.27318060', '56.99620940', 1),
(22, 'كرمانشاه', 'Kermanshah', 83, '34.33739140', '47.02583300', 1),
(23, 'کهگیلویه و بویراحمد', 'Kohgiluyeh and Boyer-Ahmad', 74, '30.84208530', '50.24427770', 1),
(24, 'گلستان', 'Golestan', 17, '35.76998150', '51.45653800', 1),
(25, 'گیلان', 'Gilan', 13, '37.52755020', '48.44215160', 1),
(26, 'لرستان', 'Lorestan', 66, '33.52512460', '47.33120480', 1),
(27, 'مازندران', 'Mazandaran', 11, '36.36813810', '51.14940560', 1),
(28, 'مركزی', 'Markazi', 86, '34.62148310', '48.86641130', 1),
(29, 'هرمزگان', 'Hormozgan', 76, '27.19054290', '53.70737490', 1),
(30, 'همدان', 'Hamedan', 81, '34.81244970', '48.44002710', 1),
(31, 'یزد', 'Yazd', 35, '31.87968500', '54.26672670', 1);

-- --------------------------------------------------------

--
-- Table structure for table `site_details`
--

CREATE TABLE `site_details` (
  `id` bigint(20) UNSIGNED NOT NULL,
  `title` text COLLATE utf8mb4_unicode_ci NOT NULL,
  `key` varchar(191) COLLATE utf8mb4_unicode_ci NOT NULL,
  `user_id` bigint(20) UNSIGNED NOT NULL,
  `value` text COLLATE utf8mb4_unicode_ci DEFAULT NULL,
  `images` text COLLATE utf8mb4_unicode_ci DEFAULT NULL,
  `type` varchar(191) COLLATE utf8mb4_unicode_ci DEFAULT NULL,
  `status` int(11) NOT NULL DEFAULT 0,
  `created_at` timestamp NULL DEFAULT NULL,
  `updated_at` timestamp NULL DEFAULT NULL,
  `deleted_at` timestamp NULL DEFAULT NULL
) ENGINE=InnoDB DEFAULT CHARSET=utf8mb4 COLLATE=utf8mb4_unicode_ci;

--
-- Dumping data for table `site_details`
--

INSERT INTO `site_details` (`id`, `title`, `key`, `user_id`, `value`, `images`, `type`, `status`, `created_at`, `updated_at`, `deleted_at`) VALUES
(4, 'logo', 'image_logo', 1, 'fa==rr@@en==rr', '{\"images\":{\"original\":\"\\/upload\\/images\\/2020\\/4\\/product\\/5ea1b774e1954.jpg\",\"300\":\"\\/upload\\/images\\/2020\\/4\\/product\\/300_5ea1b774e1954.jpg\",\"600\":\"\\/upload\\/images\\/2020\\/4\\/product\\/600_5ea1b774e1954.jpg\",\"900\":\"\\/upload\\/images\\/2020\\/4\\/product\\/900_5ea1b774e1954.jpg\"},\"thumb\":\"\\/upload\\/images\\/2020\\/4\\/product\\/300_5ea1b774e1954.jpg\"}', 'image', 1, '2020-04-17 13:05:04', '2020-04-23 11:12:45', NULL),
(5, 'site_name', 'site_name', 1, 'قرآنکده نور موعود (عج)', '[]', 'text', 1, '2020-04-17 14:52:44', '2020-12-01 03:48:16', NULL),
(9, 'آدرس', 'address', 5, 'آدرس : استان فارس، شهرستان ارسنجان، خیابان سعیدیه کوچه مهدیه طبقه پایین مهدیه مؤسسه فرهنگی قرآن و عترت گلشن نور موعود (عج) کد پستی: 7376161359', '[]', 'text', 1, '2020-11-10 07:59:15', '2020-12-01 03:45:22', NULL),
(10, 'تلفن ثابت', 'phone', 5, 'شماره ثابت قرآنکده: 07143529198', '[]', 'text', 1, '2020-11-10 07:59:46', '2020-12-01 03:45:47', NULL),
(11, 'تلفن همراه', 'mobile', 5, 'مدیریت: 09171260316\r\n<br>\r\nمعاونت: 09365366538\r\n<br>\r\nپشتیبان ثبت نام و کلاسداری آنلاین: 09176849783\r\n<br>\r\nمهد الرضا: 09338437102', '[]', 'text', 1, '2020-11-10 08:00:30', '2020-12-01 03:46:56', NULL),
(12, 'ایمیل', 'email', 5, 'پست الکترونیکی: gnm.9198@gmail.com', '[]', 'text', 1, '2020-11-10 08:00:55', '2020-12-01 03:47:19', NULL),
(13, 'تلگرام', 'telegram', 5, 'آدرس تلگرام', '[]', 'text', 1, '2020-11-10 08:01:20', '2020-11-10 08:01:20', NULL),
(14, 'اینستاگرام', 'instagram', 5, 'https://www.instagram.com/quran.golshannoormouood/', '[]', 'text', 1, '2020-11-10 08:01:46', '2020-12-01 03:44:52', NULL),
(15, 'تست', 'df', 5, 'ddd', '[]', 'text', 1, '2020-11-10 09:03:27', '2020-11-10 09:04:36', '2020-11-10 09:04:36'),
(16, 'تصویر بسم نور', 'image_header', 40, '', '{\"images\":{\"original\":\"\\/upload\\/images\\/2020\\/11\\/product\\/5fc39828954f2.png\",\"300\":\"\\/upload\\/images\\/2020\\/11\\/product\\/300_5fc39828954f2.png\",\"600\":\"\\/upload\\/images\\/2020\\/11\\/product\\/600_5fc39828954f2.png\",\"900\":\"\\/upload\\/images\\/2020\\/11\\/product\\/900_5fc39828954f2.png\"},\"thumb\":\"\\/upload\\/images\\/2020\\/11\\/product\\/300_5fc39828954f2.png\"}', 'image', 1, '2020-11-29 20:46:33', '2020-11-29 20:46:33', NULL),
(17, 'عنوان حدیث روز', 'hadis_roz_title', 40, 'حدیث روز', '[]', 'text', 1, '2020-11-29 21:25:41', '2020-11-29 21:25:41', NULL),
(18, 'متن حدیث روز', 'hadis_roz_body', 40, 'جایگاه علما بر روی زمین\r\n<br>\r\nامام علی علیه السلام:\r\n<br>\r\nالعُلَماءُ حُکّامٌ عَلَی النّاسِ\r\n<br>\r\nعالمان، فرمانروای بر مردمند.', '[]', 'text', 1, '2020-11-29 21:27:18', '2020-11-29 21:27:18', NULL),
(19, 'عنوان باکس معرفی', 'box_info_title', 40, 'قرآنکده نور موعود (عج)', '[]', 'text', 1, '2020-11-29 21:32:56', '2020-11-29 21:35:17', NULL),
(20, 'متن باکس معرفی', 'box_info_body', 40, 'نام کامل قرآنکده نور موعود (عج)، مؤسسه فرهنگی قرآن و عترت گلشن نور موعود (عج) است، که در استناد گلشن به نور موعود نیز، لطایفی نهفته شده که بر صاحبان بینش، پوشیده نیست.', '[]', 'text', 1, '2020-11-29 21:33:44', '2020-11-29 21:33:44', NULL),
(21, 'عنوان باکس 1', 'box_1_title', 40, 'کلاس ها و طرح های آموزشی', '[]', 'text', 1, '2020-12-01 04:39:55', '2020-12-01 04:39:55', NULL),
(22, 'لینک باکس 1', 'box_1_link', 40, '#', '[]', 'text', 1, '2020-12-01 04:40:24', '2020-12-01 04:40:24', NULL),
(27, 'عنوان باکس 2', 'box_2_title', 40, 'ثبت نام در قرآنکده آنلاین و حضوری', '[]', 'text', 1, '2020-12-01 04:39:55', '2020-12-01 04:39:55', NULL),
(28, 'لینک باکس 2', 'box_2_link', 40, '#', '[]', 'text', 1, '2020-12-01 04:40:24', '2020-12-01 04:40:24', NULL),
(29, 'عنوان باکس 3', 'box_3_title', 40, 'دوره تخصصی معلم القرآن', '[]', 'text', 1, '2020-12-01 04:39:55', '2020-12-01 04:39:55', NULL),
(30, 'لینک باکس 3', 'box_3_link', 40, '#', '[]', 'text', 1, '2020-12-01 04:40:24', '2020-12-01 04:40:24', NULL),
(31, 'عنوان باکس 4', 'box_4_title', 40, 'سهمی از نور', '[]', 'text', 1, '2020-12-01 04:39:55', '2020-12-01 04:39:55', NULL),
(32, 'لینک باکس 4', 'box_4_link', 40, '#', '[]', 'text', 1, '2020-12-01 04:40:24', '2020-12-01 04:40:24', NULL),
(33, 'عنوان معرفی سایت در فوتر', 'footer_about_title', 40, 'مختصری از قرآنکده نور موعود (عج)', '[]', 'text', 1, '2020-12-01 07:36:24', '2020-12-01 07:36:24', NULL),
(34, 'متن معرفی سایت در فوتر', 'footer_about_body', 40, 'نام کامل قرآنکده نور موعود (عج)، <br>مؤسسه فرهنگی قرآن و عترت گلشن نور موعود (عج) است،<br> که در استناد گلشن به نور موعود نیز، لطایفی<br> نهفته شده که بر صاحبان بینش، پوشیده نیست', '[]', 'text', 1, '2020-12-01 07:38:46', '2020-12-01 07:41:36', NULL);

-- --------------------------------------------------------

--
-- Table structure for table `sliders`
--

CREATE TABLE `sliders` (
  `id` bigint(20) UNSIGNED NOT NULL,
  `title` text COLLATE utf8mb4_unicode_ci NOT NULL,
  `user_id` bigint(20) UNSIGNED NOT NULL,
  `images` text COLLATE utf8mb4_unicode_ci DEFAULT NULL,
  `link` text COLLATE utf8mb4_unicode_ci DEFAULT NULL,
  `type` varchar(191) COLLATE utf8mb4_unicode_ci DEFAULT 'index',
  `priority` int(11) NOT NULL DEFAULT 0,
  `status` int(11) NOT NULL DEFAULT 0,
  `created_at` timestamp NULL DEFAULT NULL,
  `updated_at` timestamp NULL DEFAULT NULL,
  `deleted_at` timestamp NULL DEFAULT NULL
) ENGINE=InnoDB DEFAULT CHARSET=utf8mb4 COLLATE=utf8mb4_unicode_ci;

--
-- Dumping data for table `sliders`
--

INSERT INTO `sliders` (`id`, `title`, `user_id`, `images`, `link`, `type`, `priority`, `status`, `created_at`, `updated_at`, `deleted_at`) VALUES
(1, 'fa==1@@en==11', 1, '{\"images\":{\"original\":\"\\/upload\\/images\\/2020\\/10\\/slider\\/5f957dc9e60da.jpg\",\"920-380\":\"\\/upload\\/images\\/2020\\/10\\/slider\\/920-380_5f957dc9e60da.jpg\",\"600\":\"\\/upload\\/images\\/2020\\/10\\/slider\\/600_5f957dc9e60da.jpg\",\"920\":\"\\/upload\\/images\\/2020\\/10\\/slider\\/920_5f957dc9e60da.jpg\"},\"thumb\":\"\\/upload\\/images\\/2020\\/10\\/slider\\/920-380_5f957dc9e60da.jpg\"}', '#', 'index', 1, 1, '2020-04-22 15:55:07', '2020-10-25 09:59:49', NULL),
(2, 'fa==slider@@en==slider', 1, '{\"images\":{\"original\":\"\\/upload\\/images\\/2020\\/4\\/slider\\/5ea1b1b8e6459.jpg\",\"920-380\":\"\\/upload\\/images\\/2020\\/4\\/slider\\/920-380_5ea1b1b8e6459.jpg\",\"600\":\"\\/upload\\/images\\/2020\\/4\\/slider\\/600_5ea1b1b8e6459.jpg\",\"920\":\"\\/upload\\/images\\/2020\\/4\\/slider\\/920_5ea1b1b8e6459.jpg\"},\"thumb\":\"\\/upload\\/images\\/2020\\/4\\/slider\\/920-380_5ea1b1b8e6459.jpg\"}', '#', 'index', 6, 1, '2020-04-23 10:36:59', '2020-04-23 10:53:21', NULL),
(3, 'fa==2@@en==2', 1, '{\"images\":{\"original\":\"\\/upload\\/images\\/2020\\/10\\/slider\\/5f957dfd4e890.jpg\",\"920-380\":\"\\/upload\\/images\\/2020\\/10\\/slider\\/920-380_5f957dfd4e890.jpg\",\"600\":\"\\/upload\\/images\\/2020\\/10\\/slider\\/600_5f957dfd4e890.jpg\",\"920\":\"\\/upload\\/images\\/2020\\/10\\/slider\\/920_5f957dfd4e890.jpg\"},\"thumb\":\"\\/upload\\/images\\/2020\\/10\\/slider\\/920-380_5f957dfd4e890.jpg\"}', '#', 'index', 2, 1, '2020-04-23 10:54:47', '2020-10-25 10:00:37', NULL);

-- --------------------------------------------------------

--
-- Table structure for table `users`
--

CREATE TABLE `users` (
  `id` bigint(20) UNSIGNED NOT NULL,
  `name` varchar(191) COLLATE utf8mb4_unicode_ci DEFAULT NULL,
  `family` varchar(191) COLLATE utf8mb4_unicode_ci DEFAULT NULL,
  `active` tinyint(4) NOT NULL DEFAULT 0,
  `level` varchar(191) COLLATE utf8mb4_unicode_ci NOT NULL DEFAULT 'user',
  `email` varchar(191) COLLATE utf8mb4_unicode_ci DEFAULT NULL,
  `phone` varchar(191) COLLATE utf8mb4_unicode_ci NOT NULL,
  `email_verified_at` timestamp NULL DEFAULT NULL,
  `phone_verified_at` timestamp NULL DEFAULT NULL,
  `password` varchar(191) COLLATE utf8mb4_unicode_ci NOT NULL,
  `priority` int(11) NOT NULL DEFAULT 0,
  `status` int(11) NOT NULL DEFAULT 0,
  `remember_token` varchar(100) COLLATE utf8mb4_unicode_ci DEFAULT NULL,
  `created_at` timestamp NULL DEFAULT NULL,
  `updated_at` timestamp NULL DEFAULT NULL,
  `deleted_at` timestamp NULL DEFAULT NULL
) ENGINE=InnoDB DEFAULT CHARSET=utf8mb4 COLLATE=utf8mb4_unicode_ci;

--
-- Dumping data for table `users`
--

INSERT INTO `users` (`id`, `name`, `family`, `active`, `level`, `email`, `phone`, `email_verified_at`, `phone_verified_at`, `password`, `priority`, `status`, `remember_token`, `created_at`, `updated_at`, `deleted_at`) VALUES
(1, 'admin', 'admin', 0, 'user', 'admin@gmail.com', '1', NULL, NULL, '1', 0, 0, NULL, NULL, NULL, NULL),
(5, 'مهدی', 'رضایی', 1, 'admin', 'rezaie.mehdi5@gmail.com', '0918550', NULL, NULL, '$2y$10$fznpAGfU3pszNZzY6Ilate//yHph0AZjKF576pdru037QImyvPlXu', 0, 0, 'BWIorqzmLRwFUSkNkmQRSomvuV1pfjrGZfIVCuS5nXvSRefAripIXddR9n1h', '2020-09-27 04:44:36', '2020-09-27 04:44:36', NULL),
(14, 'افتر افکت', 'dsfgh', 0, 'user', 'admin@admin.com', '09', NULL, NULL, '$2y$10$fznpAGfU3pszNZzY6Ilate//yHph0AZjKF576pdru037QImyvPlXu', 0, 0, 'TaHDBRp1FqCv96CI3FCRt3yU6gp5AH54Uk7mICJAPqzz1nGRR4DY8m3TXQsi', '2020-11-11 08:09:26', '2020-11-11 09:22:38', NULL),
(39, 'm', 'hg', 1, 'user', '', '09185507245', NULL, NULL, '$2y$10$x3jrBMsgww9/jTH8G9BU1OJRu1QjySEttE5u1WURzNR/lgXkYXQ5m', 0, 0, 'p6zOdiFYPsMZeiIUsgC8B0DdRrFWjm6P9GbtUCA9GiYWdESLhxH8TTD6QKnR', '2020-11-15 07:37:34', '2020-11-16 03:23:11', NULL),
(40, 'vfgh', 'ghg', 1, 'admin', 'rezaie.mehdi555@gmail.com', '09185597245', NULL, NULL, '$2y$10$y1aQH6JKDBuTKz0l64POkuq1.i9samuOopZhf06LND0jR9mpkYD0q', 0, 0, NULL, '2020-11-28 21:50:19', '2020-11-28 21:50:19', NULL);

-- --------------------------------------------------------

--
-- Table structure for table `web_pages`
--

CREATE TABLE `web_pages` (
  `id` bigint(20) UNSIGNED NOT NULL,
  `title` text COLLATE utf8mb4_unicode_ci NOT NULL,
  `slug` text COLLATE utf8mb4_unicode_ci DEFAULT NULL,
  `body` text COLLATE utf8mb4_unicode_ci DEFAULT NULL,
  `user_id` bigint(20) UNSIGNED NOT NULL,
  `images` text COLLATE utf8mb4_unicode_ci NOT NULL,
  `link` text COLLATE utf8mb4_unicode_ci DEFAULT NULL,
  `type` varchar(191) COLLATE utf8mb4_unicode_ci DEFAULT 'index',
  `priority` int(11) NOT NULL DEFAULT 0,
  `status` int(11) NOT NULL DEFAULT 0,
  `created_at` timestamp NULL DEFAULT NULL,
  `updated_at` timestamp NULL DEFAULT NULL,
  `deleted_at` timestamp NULL DEFAULT NULL
) ENGINE=InnoDB DEFAULT CHARSET=utf8mb4 COLLATE=utf8mb4_unicode_ci;

--
-- Dumping data for table `web_pages`
--

INSERT INTO `web_pages` (`id`, `title`, `slug`, `body`, `user_id`, `images`, `link`, `type`, `priority`, `status`, `created_at`, `updated_at`, `deleted_at`) VALUES
(1, 'dfg', 'dfg', '<p>cfd</p>\r\n\r\n<p>&nbsp;</p>\r\n\r\n<figure class=\"easyimage easyimage-full\"><img alt=\"\" src=\"blob:http://127.0.0.1:8000/143a84dc-82c6-4d20-8f8d-e12314ed936f\" width=\"341\" />\r\n<figcaption></figcaption>\r\n</figure>\r\n\r\n<p>&nbsp;</p>', 5, '{\"images\":{\"original\":\"\\/upload\\/images\\/2020\\/11\\/webPages\\/5fb23a243ae3c.jpg\",\"920-380\":\"\\/upload\\/images\\/2020\\/11\\/webPages\\/920-380_5fb23a243ae3c.jpg\",\"600\":\"\\/upload\\/images\\/2020\\/11\\/webPages\\/600_5fb23a243ae3c.jpg\",\"920\":\"\\/upload\\/images\\/2020\\/11\\/webPages\\/920_5fb23a243ae3c.jpg\"},\"thumb\":\"\\/upload\\/images\\/2020\\/11\\/webPages\\/920-380_5fb23a243ae3c.jpg\"}', 'https://www.maj.ir/', 'index', 5, 1, '2020-11-16 05:06:53', '2020-11-16 05:06:56', '2020-11-16 05:06:56'),
(2, 'آشنایی با ما', 'آشنایی-با-ما', '<p dir=\"RTL\" style=\"text-align:right\"><span style=\"font-size:11pt\"><span style=\"font-family:Calibri,sans-serif\"><span style=\"font-family:&quot;Arial&quot;,sans-serif\">بسم الله الرحمن الرحیم</span></span></span></p>\r\n\r\n<p dir=\"RTL\" style=\"text-align:right\">&nbsp;</p>\r\n\r\n<p dir=\"RTL\" style=\"text-align:right\"><span style=\"font-size:11pt\"><span style=\"font-family:Calibri,sans-serif\"><span style=\"font-family:&quot;Arial&quot;,sans-serif\">قرآنکده نور موعود (عج)</span></span></span></p>\r\n\r\n<p dir=\"RTL\" style=\"text-align:right\"><span style=\"font-size:11pt\"><span style=\"font-family:Calibri,sans-serif\"><span style=\"font-family:&quot;Arial&quot;,sans-serif\">ذات اقدس الهی در کتاب عزیزش، خود را نور معرفی کرده: &laquo;الله نور السماوات و الارض) و از نور محض، نور ساتع و نازل می گردد، بدین جهت است که قرآنی که حبل الله المتین است، نوریست که که به صوی عالم ما نازل گردیده: &laquo;انزلنا الیکم نور مبینا&raquo; و طبق فراز پر از راز زیارت جامعه کبیره، ذوات مقدسه معصومین علیهم السلام نیز نور هستند: &laquo;انتم نور&raquo; و شما خود حدیث مفصل بخوان از این مجمل که چرا نام قرآنکده، نور گشته و نام شریف حضرت موعود ارواحنا له الفداء، نور علی نور آن قرار گرفته است.</span></span></span></p>\r\n\r\n<p dir=\"RTL\" style=\"text-align:right\"><span style=\"font-size:11pt\"><span style=\"font-family:Calibri,sans-serif\"><span style=\"font-family:&quot;Arial&quot;,sans-serif\">البته نام کامل قرآنکده نور موعود (عج)، مؤسسه فرهنگی قرآن و عترت گلشن نور موعود (عج) است، که در استناد گلشن به نور موعود نیز، لطایفی نهفته شده که بر صاحبان بینش، پوشیده نیست. </span></span></span></p>\r\n\r\n<p dir=\"RTL\" style=\"text-align:right\"><span style=\"font-size:11pt\"><span style=\"font-family:Calibri,sans-serif\"><span style=\"font-family:&quot;Arial&quot;,sans-serif\">بنابراین آستان مقدس و نورانی قرآن و عترت، گلشن و بهشتی هستند از جنس نور، که ندایشان، رهایی جهانیان است، از تاریکی های حاکم بر جهان و تعلق یافتن به عالم نور.</span></span></span></p>\r\n\r\n<p dir=\"RTL\" style=\"text-align:right\"><span style=\"font-size:11pt\"><span style=\"font-family:Calibri,sans-serif\"><span style=\"font-family:&quot;Arial&quot;,sans-serif\">اصولا قرآن، کتابیست زندگی بخش که برای زنده ها نازل شده &laquo;لینذر من کان حی&raquo; و این کتاب عزیز همان است که به انسان، زیبایی های عالم درون و بیرون انسان را می شناساند، تا از زندگی خود بیشترین لذت را برده و به کم ها قانع نگردند. </span></span></span></p>\r\n\r\n<p dir=\"RTL\" style=\"text-align:right\"><span style=\"font-size:11pt\"><span style=\"font-family:Calibri,sans-serif\"><span style=\"font-family:&quot;Arial&quot;,sans-serif\">این بود نمایی کلی از جنس قرآنکده، تا قرآن آموزان بدانند که به کجا پا می نهند و قرار است به کجا پر کشند.</span></span></span></p>\r\n\r\n<p dir=\"RTL\" style=\"text-align:right\">&nbsp;</p>\r\n\r\n<p><img alt=\"\" src=\"blob:http://127.0.0.1:8000/a752e63a-81f8-483c-a8ae-2d00375532e5\" style=\"width:284px\" /></p>\r\n\r\n<p>&nbsp;</p>', 5, '{\"images\":{\"original\":\"\\/upload\\/images\\/2020\\/11\\/webPages\\/5fb23a39d5133.jpg\",\"920-380\":\"\\/upload\\/images\\/2020\\/11\\/webPages\\/920-380_5fb23a39d5133.jpg\",\"600\":\"\\/upload\\/images\\/2020\\/11\\/webPages\\/600_5fb23a39d5133.jpg\",\"920\":\"\\/upload\\/images\\/2020\\/11\\/webPages\\/920_5fb23a39d5133.jpg\"},\"thumb\":\"\\/upload\\/images\\/2020\\/11\\/webPages\\/920-380_5fb23a39d5133.jpg\"}', '/show/page/2', 'index', 3, 1, '2020-11-16 05:07:14', '2020-12-01 04:20:12', NULL),
(3, 'ارتباط با ما', 'ارتباط-با-ما', '<p dir=\"RTL\" style=\"text-align:right\"><span style=\"font-size:11pt\"><span style=\"font-family:Calibri,sans-serif\"><span style=\"font-family:&quot;Arial&quot;,sans-serif\">بسم الله الرحمن الرحیم</span></span></span></p>\r\n\r\n<p dir=\"RTL\" style=\"text-align:right\"><span style=\"font-size:11pt\"><span style=\"font-family:Calibri,sans-serif\"><span style=\"font-family:&quot;Arial&quot;,sans-serif\">کاربر گرامی شما می توانید، از طرق ذیل با ما در ارتباط باشید:</span></span></span></p>\r\n\r\n<p dir=\"RTL\" style=\"text-align:right\"><span style=\"font-size:11pt\"><span style=\"font-family:Calibri,sans-serif\"><span style=\"font-family:&quot;Arial&quot;,sans-serif\">آدرس: استان فارس، شهرستان ارسنجان، خیابان سعیدیه کوچه مهدیه طبقه پایین مهدیه مؤسسه فرهنگی قرآن و عترت گلشن نور موعود (عج) کد پستی: 7376161359</span></span></span></p>\r\n\r\n<p dir=\"RTL\" style=\"text-align:right\"><span style=\"font-size:11pt\"><span style=\"font-family:Calibri,sans-serif\"><span style=\"font-family:&quot;Arial&quot;,sans-serif\">شماره ثابت قرآنکده: 07143529198</span></span></span></p>\r\n\r\n<p dir=\"RTL\" style=\"text-align:right\"><span style=\"font-size:11pt\"><span style=\"font-family:Calibri,sans-serif\"><span style=\"font-family:&quot;Arial&quot;,sans-serif\">مدیریت: 09171260316</span></span></span></p>\r\n\r\n<p dir=\"RTL\" style=\"text-align:right\"><span style=\"font-size:11pt\"><span style=\"font-family:Calibri,sans-serif\"><span style=\"font-family:&quot;Arial&quot;,sans-serif\">معاونت: 09365366538</span></span></span></p>\r\n\r\n<p dir=\"RTL\" style=\"text-align:right\"><span style=\"font-size:11pt\"><span style=\"font-family:Calibri,sans-serif\"><span style=\"font-family:&quot;Arial&quot;,sans-serif\">پشتیبان ثبت نام و کلاسداری آنلاین: 09176849783</span></span></span></p>\r\n\r\n<p dir=\"RTL\" style=\"text-align:right\"><span style=\"font-size:11pt\"><span style=\"font-family:Calibri,sans-serif\"><span style=\"font-family:&quot;Arial&quot;,sans-serif\">مهد الرضا: 09338437102</span></span></span></p>\r\n\r\n<p dir=\"RTL\" style=\"text-align:right\"><span style=\"font-size:11pt\"><span style=\"font-family:Calibri,sans-serif\"><span style=\"font-family:&quot;Arial&quot;,sans-serif\">پست الکترونیکی:</span> <a href=\"mailto:gnm.9198@gmail.com\" style=\"color:#0563c1; text-decoration:underline\">gnm.9198@gmail.com</a></span></span></p>\r\n\r\n<p dir=\"RTL\" style=\"text-align:right\"><span style=\"font-size:11pt\"><span style=\"font-family:Calibri,sans-serif\"><span style=\"font-family:&quot;Arial&quot;,sans-serif\">اینستاگرام: </span><a href=\"https://www.instagram.com/quran.golshannoormouood/\" target=\"_blank\">quran.golshannoormouood</a></span></span></p>', 40, '{\"images\":{\"original\":\"\\/upload\\/images\\/2020\\/12\\/webPages\\/5fc5f69a36e8d.png\",\"920-380\":\"\\/upload\\/images\\/2020\\/12\\/webPages\\/920-380_5fc5f69a36e8d.png\",\"600\":\"\\/upload\\/images\\/2020\\/12\\/webPages\\/600_5fc5f69a36e8d.png\",\"920\":\"\\/upload\\/images\\/2020\\/12\\/webPages\\/920_5fc5f69a36e8d.png\"},\"thumb\":\"\\/upload\\/images\\/2020\\/12\\/webPages\\/920-380_5fc5f69a36e8d.png\"}', '#', 'index', 2, 1, '2020-12-01 04:24:03', '2020-12-01 04:26:32', NULL),
(4, 'شاکرانه ها و مزایای تحصیل در قرآنکده نور موعود', 'شاکرانه-ها-و-مزایای-تحصیل-در-قرآنکده-نور-موعود', '<p dir=\"RTL\" style=\"text-align:right\"><span style=\"font-size:11pt\"><span style=\"font-family:Calibri,sans-serif\"><span style=\"font-size:14.0pt\"><span style=\"font-family:&quot;Arial&quot;,sans-serif\">قرآنکده نور موعود (عج)، بنا بر سنت حسنه خدای سبحان که:</span></span></span></span></p>\r\n\r\n<p dir=\"RTL\" style=\"text-align:right\"><span style=\"font-size:11pt\"><span style=\"font-family:Calibri,sans-serif\"><span style=\"font-size:14.0pt\"><span style=\"font-family:&quot;Arial&quot;,sans-serif\">&laquo; إِنَّ هَذَا کَانَ لَکُمْ جَزَاءً وَکَانَ سَعْیُکُم مَّشْکُورًا (انسان، 22) این پاداش شماست، و سعی و تلاش شما مورد قدردانی است! &raquo; شاکرانه هایی را برای قرآن آموزان خود، تدارک نموده است:</span></span></span></span></p>\r\n\r\n<p dir=\"RTL\" style=\"text-align:right\"><span style=\"font-size:11pt\"><span style=\"font-family:Calibri,sans-serif\"><span style=\"font-size:14.0pt\"><span style=\"font-family:&quot;Arial&quot;,sans-serif\">1-سفر رایگان کربلای معلی و زیارت آل الله، برای کسانی که حافظ کل قرآن گردند. </span></span></span></span></p>\r\n\r\n<p dir=\"RTL\" style=\"text-align:right\"><span style=\"font-size:11pt\"><span style=\"font-family:Calibri,sans-serif\"><span style=\"font-size:14.0pt\"><span style=\"font-family:&quot;Arial&quot;,sans-serif\">2-اعطای مدرک رسمی کشوری، در هر کدام از رشته ها.</span></span></span></span></p>\r\n\r\n<p dir=\"RTL\" style=\"text-align:right\"><span style=\"font-size:11pt\"><span style=\"font-family:Calibri,sans-serif\"><span style=\"font-size:14.0pt\"><span style=\"font-family:&quot;Arial&quot;,sans-serif\">3-برگزاری جشنواره های قرآنی برای قرآن آموزان.</span></span></span></span></p>\r\n\r\n<p dir=\"RTL\" style=\"text-align:right\"><span style=\"font-size:11pt\"><span style=\"font-family:Calibri,sans-serif\"><span style=\"font-size:14.0pt\"><span style=\"font-family:&quot;Arial&quot;,sans-serif\">4-برگزاری مسابقات قرآنی، هنری و... </span></span></span></span></p>\r\n\r\n<p dir=\"RTL\" style=\"text-align:right\"><span style=\"font-size:11pt\"><span style=\"font-family:Calibri,sans-serif\"><span style=\"font-size:14.0pt\"><span style=\"font-family:&quot;Arial&quot;,sans-serif\">5-استفاده از اساتید بین المللی و کشوری و نیز اساتیدی که دوره خاص و تخصصی معلم القرآن را گذرانده اند.</span></span></span></span></p>\r\n\r\n<p dir=\"RTL\" style=\"text-align:right\"><span style=\"font-size:11pt\"><span style=\"font-family:Calibri,sans-serif\"><span style=\"font-size:14.0pt\"><span style=\"font-family:&quot;Arial&quot;,sans-serif\">6-اهدای جوایز در حین کلاس و در پایان دوره ها.</span></span></span></span></p>\r\n\r\n<p dir=\"RTL\" style=\"text-align:right\"><span style=\"font-size:11pt\"><span style=\"font-family:Calibri,sans-serif\"><span style=\"font-size:14.0pt\"><span style=\"font-family:&quot;Arial&quot;,sans-serif\">7-اجرای برنامه های مستمر اخلاقی در قالب های مختلف مانند دفترچه محاسبه نفس و کلاس های اخلاق</span></span></span></span></p>\r\n\r\n<p dir=\"RTL\" style=\"text-align:right\"><span style=\"font-size:11pt\"><span style=\"font-family:Calibri,sans-serif\"><span style=\"font-size:14.0pt\"><span style=\"font-family:&quot;Arial&quot;,sans-serif\">8-اردوهای زیارتی، سیاحتی و تفریحی</span></span></span></span></p>\r\n\r\n<p dir=\"RTL\" style=\"text-align:right\"><span style=\"font-size:11pt\"><span style=\"font-family:Calibri,sans-serif\"><span style=\"font-size:14.0pt\"><span style=\"font-family:&quot;Arial&quot;,sans-serif\">9-اردوها و برنامه های&nbsp; روزانه و شبانه روزی تحفیظی و تحصیلی، به جهت اکمال تخصص قرآن آموزان.</span></span></span></span></p>\r\n\r\n<p dir=\"RTL\" style=\"text-align:right\"><span style=\"font-size:11pt\"><span style=\"font-family:Calibri,sans-serif\"><span style=\"font-size:14.0pt\"><span style=\"font-family:&quot;Arial&quot;,sans-serif\">10- تشویق قرآن آموزان محصل در مدارس و معرفی آنان به مردم.</span></span></span></span></p>\r\n\r\n<p dir=\"RTL\" style=\"text-align:right\"><span style=\"font-size:11pt\"><span style=\"font-family:Calibri,sans-serif\"><span style=\"font-size:14.0pt\"><span style=\"font-family:&quot;Arial&quot;,sans-serif\">11-راهنمایی و استعانت برای دریافت مدرک کارشناسی و کارشناسی ارشد معادل که در طی آزمونی از سمت سازمان تبلیغات به حفّاظ اعطاء می گردد.</span></span></span></span></p>\r\n\r\n<p dir=\"RTL\" style=\"text-align:right\"><span style=\"font-size:11pt\"><span style=\"font-family:Calibri,sans-serif\"><span style=\"font-size:14.0pt\"><span style=\"font-family:&quot;Arial&quot;,sans-serif\">12-راهنمایی و استعانت برای دریافت مدرک کارشناسی رسمی که از طریق سازمان سنجش کشور به حفّاظ اعطاء می گردد.</span></span></span></span></p>\r\n\r\n<p dir=\"RTL\" style=\"text-align:right\">&nbsp;</p>', 40, '{\"images\":{\"original\":\"\\/upload\\/images\\/2020\\/12\\/webPages\\/5fc785f833ebd.jpg\",\"920-380\":\"\\/upload\\/images\\/2020\\/12\\/webPages\\/920-380_5fc785f833ebd.jpg\",\"600\":\"\\/upload\\/images\\/2020\\/12\\/webPages\\/600_5fc785f833ebd.jpg\",\"920\":\"\\/upload\\/images\\/2020\\/12\\/webPages\\/920_5fc785f833ebd.jpg\"},\"thumb\":\"\\/upload\\/images\\/2020\\/12\\/webPages\\/920-380_5fc785f833ebd.jpg\"}', '#', 'index', 1, 1, '2020-12-02 08:48:01', '2020-12-02 08:48:01', NULL);

--
-- Indexes for dumped tables
--

--
-- Indexes for table `activation_codes`
--
ALTER TABLE `activation_codes`
  ADD PRIMARY KEY (`id`),
  ADD KEY `activation_codes_user_id_foreign` (`user_id`);

--
-- Indexes for table `cities`
--
ALTER TABLE `cities`
  ADD PRIMARY KEY (`id`),
  ADD KEY `cities_province_id_foreign` (`province_id`),
  ADD KEY `cities_county_id_foreign` (`county_id`);

--
-- Indexes for table `complaints`
--
ALTER TABLE `complaints`
  ADD PRIMARY KEY (`id`);

--
-- Indexes for table `contact_us`
--
ALTER TABLE `contact_us`
  ADD PRIMARY KEY (`id`);

--
-- Indexes for table `counties`
--
ALTER TABLE `counties`
  ADD PRIMARY KEY (`id`),
  ADD KEY `counties_province_id_foreign` (`province_id`);

--
-- Indexes for table `currency_converts`
--
ALTER TABLE `currency_converts`
  ADD PRIMARY KEY (`id`),
  ADD KEY `currency_converts_user_id_foreign` (`user_id`);

--
-- Indexes for table `failed_jobs`
--
ALTER TABLE `failed_jobs`
  ADD PRIMARY KEY (`id`);

--
-- Indexes for table `fields`
--
ALTER TABLE `fields`
  ADD PRIMARY KEY (`id`),
  ADD KEY `fields_user_id_foreign` (`user_id`);

--
-- Indexes for table `menus`
--
ALTER TABLE `menus`
  ADD PRIMARY KEY (`id`),
  ADD KEY `menus_user_id_foreign` (`user_id`),
  ADD KEY `menus_menu_categories_id_foreign` (`menu_categories_id`);

--
-- Indexes for table `menu_categories`
--
ALTER TABLE `menu_categories`
  ADD PRIMARY KEY (`id`),
  ADD KEY `menu_categories_user_id_foreign` (`user_id`);

--
-- Indexes for table `migrations`
--
ALTER TABLE `migrations`
  ADD PRIMARY KEY (`id`);

--
-- Indexes for table `news`
--
ALTER TABLE `news`
  ADD PRIMARY KEY (`id`),
  ADD KEY `news_user_id_foreign` (`user_id`),
  ADD KEY `news_news_categories_id_foreign` (`news_categories_id`);

--
-- Indexes for table `news_categories`
--
ALTER TABLE `news_categories`
  ADD PRIMARY KEY (`id`),
  ADD KEY `news_categories_user_id_foreign` (`user_id`);

--
-- Indexes for table `password_resets`
--
ALTER TABLE `password_resets`
  ADD KEY `password_resets_email_index` (`email`);

--
-- Indexes for table `products`
--
ALTER TABLE `products`
  ADD PRIMARY KEY (`id`),
  ADD KEY `products_user_id_foreign` (`user_id`);

--
-- Indexes for table `product_categories`
--
ALTER TABLE `product_categories`
  ADD PRIMARY KEY (`id`),
  ADD KEY `product_categories_user_id_foreign` (`user_id`);

--
-- Indexes for table `product_images`
--
ALTER TABLE `product_images`
  ADD PRIMARY KEY (`id`),
  ADD KEY `product_images_product_id_foreign` (`product_id`);

--
-- Indexes for table `provinces`
--
ALTER TABLE `provinces`
  ADD PRIMARY KEY (`id`);

--
-- Indexes for table `site_details`
--
ALTER TABLE `site_details`
  ADD PRIMARY KEY (`id`),
  ADD UNIQUE KEY `site_details_key_unique` (`key`),
  ADD KEY `site_details_user_id_foreign` (`user_id`);

--
-- Indexes for table `sliders`
--
ALTER TABLE `sliders`
  ADD PRIMARY KEY (`id`),
  ADD KEY `sliders_user_id_foreign` (`user_id`);

--
-- Indexes for table `users`
--
ALTER TABLE `users`
  ADD PRIMARY KEY (`id`),
  ADD UNIQUE KEY `users_phone_unique` (`phone`);

--
-- Indexes for table `web_pages`
--
ALTER TABLE `web_pages`
  ADD PRIMARY KEY (`id`),
  ADD KEY `web_pages_user_id_foreign` (`user_id`);

--
-- AUTO_INCREMENT for dumped tables
--

--
-- AUTO_INCREMENT for table `activation_codes`
--
ALTER TABLE `activation_codes`
  MODIFY `id` bigint(20) UNSIGNED NOT NULL AUTO_INCREMENT, AUTO_INCREMENT=71;

--
-- AUTO_INCREMENT for table `cities`
--
ALTER TABLE `cities`
  MODIFY `id` int(10) UNSIGNED NOT NULL AUTO_INCREMENT, AUTO_INCREMENT=1247;

--
-- AUTO_INCREMENT for table `complaints`
--
ALTER TABLE `complaints`
  MODIFY `id` bigint(20) UNSIGNED NOT NULL AUTO_INCREMENT, AUTO_INCREMENT=2;

--
-- AUTO_INCREMENT for table `contact_us`
--
ALTER TABLE `contact_us`
  MODIFY `id` bigint(20) UNSIGNED NOT NULL AUTO_INCREMENT, AUTO_INCREMENT=7;

--
-- AUTO_INCREMENT for table `counties`
--
ALTER TABLE `counties`
  MODIFY `id` int(10) UNSIGNED NOT NULL AUTO_INCREMENT, AUTO_INCREMENT=430;

--
-- AUTO_INCREMENT for table `currency_converts`
--
ALTER TABLE `currency_converts`
  MODIFY `id` bigint(20) UNSIGNED NOT NULL AUTO_INCREMENT, AUTO_INCREMENT=6;

--
-- AUTO_INCREMENT for table `failed_jobs`
--
ALTER TABLE `failed_jobs`
  MODIFY `id` bigint(20) UNSIGNED NOT NULL AUTO_INCREMENT;

--
-- AUTO_INCREMENT for table `fields`
--
ALTER TABLE `fields`
  MODIFY `id` bigint(20) UNSIGNED NOT NULL AUTO_INCREMENT, AUTO_INCREMENT=23;

--
-- AUTO_INCREMENT for table `menus`
--
ALTER TABLE `menus`
  MODIFY `id` bigint(20) UNSIGNED NOT NULL AUTO_INCREMENT, AUTO_INCREMENT=12;

--
-- AUTO_INCREMENT for table `menu_categories`
--
ALTER TABLE `menu_categories`
  MODIFY `id` bigint(20) UNSIGNED NOT NULL AUTO_INCREMENT, AUTO_INCREMENT=4;

--
-- AUTO_INCREMENT for table `migrations`
--
ALTER TABLE `migrations`
  MODIFY `id` int(10) UNSIGNED NOT NULL AUTO_INCREMENT, AUTO_INCREMENT=29;

--
-- AUTO_INCREMENT for table `news`
--
ALTER TABLE `news`
  MODIFY `id` bigint(20) UNSIGNED NOT NULL AUTO_INCREMENT, AUTO_INCREMENT=2;

--
-- AUTO_INCREMENT for table `news_categories`
--
ALTER TABLE `news_categories`
  MODIFY `id` bigint(20) UNSIGNED NOT NULL AUTO_INCREMENT, AUTO_INCREMENT=4;

--
-- AUTO_INCREMENT for table `products`
--
ALTER TABLE `products`
  MODIFY `id` bigint(20) UNSIGNED NOT NULL AUTO_INCREMENT, AUTO_INCREMENT=37;

--
-- AUTO_INCREMENT for table `product_categories`
--
ALTER TABLE `product_categories`
  MODIFY `id` bigint(20) UNSIGNED NOT NULL AUTO_INCREMENT, AUTO_INCREMENT=26;

--
-- AUTO_INCREMENT for table `product_images`
--
ALTER TABLE `product_images`
  MODIFY `id` bigint(20) UNSIGNED NOT NULL AUTO_INCREMENT;

--
-- AUTO_INCREMENT for table `provinces`
--
ALTER TABLE `provinces`
  MODIFY `id` int(10) UNSIGNED NOT NULL AUTO_INCREMENT, AUTO_INCREMENT=32;

--
-- AUTO_INCREMENT for table `site_details`
--
ALTER TABLE `site_details`
  MODIFY `id` bigint(20) UNSIGNED NOT NULL AUTO_INCREMENT, AUTO_INCREMENT=35;

--
-- AUTO_INCREMENT for table `sliders`
--
ALTER TABLE `sliders`
  MODIFY `id` bigint(20) UNSIGNED NOT NULL AUTO_INCREMENT, AUTO_INCREMENT=4;

--
-- AUTO_INCREMENT for table `users`
--
ALTER TABLE `users`
  MODIFY `id` bigint(20) UNSIGNED NOT NULL AUTO_INCREMENT, AUTO_INCREMENT=41;

--
-- AUTO_INCREMENT for table `web_pages`
--
ALTER TABLE `web_pages`
  MODIFY `id` bigint(20) UNSIGNED NOT NULL AUTO_INCREMENT, AUTO_INCREMENT=5;

--
-- Constraints for dumped tables
--

--
-- Constraints for table `activation_codes`
--
ALTER TABLE `activation_codes`
  ADD CONSTRAINT `activation_codes_user_id_foreign` FOREIGN KEY (`user_id`) REFERENCES `users` (`id`) ON DELETE CASCADE;

--
-- Constraints for table `cities`
--
ALTER TABLE `cities`
  ADD CONSTRAINT `cities_county_id_foreign` FOREIGN KEY (`county_id`) REFERENCES `counties` (`id`) ON DELETE CASCADE,
  ADD CONSTRAINT `cities_province_id_foreign` FOREIGN KEY (`province_id`) REFERENCES `provinces` (`id`) ON DELETE CASCADE;

--
-- Constraints for table `counties`
--
ALTER TABLE `counties`
  ADD CONSTRAINT `counties_province_id_foreign` FOREIGN KEY (`province_id`) REFERENCES `provinces` (`id`) ON DELETE CASCADE;

--
-- Constraints for table `currency_converts`
--
ALTER TABLE `currency_converts`
  ADD CONSTRAINT `currency_converts_user_id_foreign` FOREIGN KEY (`user_id`) REFERENCES `users` (`id`) ON DELETE CASCADE;

--
-- Constraints for table `fields`
--
ALTER TABLE `fields`
  ADD CONSTRAINT `fields_user_id_foreign` FOREIGN KEY (`user_id`) REFERENCES `users` (`id`) ON DELETE CASCADE;

--
-- Constraints for table `menus`
--
ALTER TABLE `menus`
  ADD CONSTRAINT `menus_menu_categories_id_foreign` FOREIGN KEY (`menu_categories_id`) REFERENCES `menu_categories` (`id`) ON DELETE CASCADE,
  ADD CONSTRAINT `menus_user_id_foreign` FOREIGN KEY (`user_id`) REFERENCES `users` (`id`) ON DELETE CASCADE;

--
-- Constraints for table `menu_categories`
--
ALTER TABLE `menu_categories`
  ADD CONSTRAINT `menu_categories_user_id_foreign` FOREIGN KEY (`user_id`) REFERENCES `users` (`id`) ON DELETE CASCADE;

--
-- Constraints for table `news`
--
ALTER TABLE `news`
  ADD CONSTRAINT `news_news_categories_id_foreign` FOREIGN KEY (`news_categories_id`) REFERENCES `news_categories` (`id`) ON DELETE CASCADE,
  ADD CONSTRAINT `news_user_id_foreign` FOREIGN KEY (`user_id`) REFERENCES `users` (`id`) ON DELETE CASCADE;

--
-- Constraints for table `news_categories`
--
ALTER TABLE `news_categories`
  ADD CONSTRAINT `news_categories_user_id_foreign` FOREIGN KEY (`user_id`) REFERENCES `users` (`id`) ON DELETE CASCADE;

--
-- Constraints for table `products`
--
ALTER TABLE `products`
  ADD CONSTRAINT `products_user_id_foreign` FOREIGN KEY (`user_id`) REFERENCES `users` (`id`) ON DELETE CASCADE;

--
-- Constraints for table `product_categories`
--
ALTER TABLE `product_categories`
  ADD CONSTRAINT `product_categories_user_id_foreign` FOREIGN KEY (`user_id`) REFERENCES `users` (`id`) ON DELETE CASCADE;

--
-- Constraints for table `product_images`
--
ALTER TABLE `product_images`
  ADD CONSTRAINT `product_images_product_id_foreign` FOREIGN KEY (`product_id`) REFERENCES `products` (`id`) ON DELETE CASCADE;

--
-- Constraints for table `site_details`
--
ALTER TABLE `site_details`
  ADD CONSTRAINT `site_details_user_id_foreign` FOREIGN KEY (`user_id`) REFERENCES `users` (`id`) ON DELETE CASCADE;

--
-- Constraints for table `sliders`
--
ALTER TABLE `sliders`
  ADD CONSTRAINT `sliders_user_id_foreign` FOREIGN KEY (`user_id`) REFERENCES `users` (`id`) ON DELETE CASCADE;

--
-- Constraints for table `web_pages`
--
ALTER TABLE `web_pages`
  ADD CONSTRAINT `web_pages_user_id_foreign` FOREIGN KEY (`user_id`) REFERENCES `users` (`id`) ON DELETE CASCADE;
COMMIT;

/*!40101 SET CHARACTER_SET_CLIENT=@OLD_CHARACTER_SET_CLIENT */;
/*!40101 SET CHARACTER_SET_RESULTS=@OLD_CHARACTER_SET_RESULTS */;
/*!40101 SET COLLATION_CONNECTION=@OLD_COLLATION_CONNECTION */;
